Seed_ID,Packet_ID,pedigree,DPI,repetition,isolate,inocMethod,isolateSpecies,agarType,SoilType,seedNum,block,germinated,standCount7,standCount14,escape,lesionPercent,rootLength,rootMass,percentLengthPedByIsolate,percentMassPedByIsolate
3,,Il14H,12,GH3,control,MockInoc,Standard,na,BMDI,1,1,0,0,0,0,100,0,0,1,1
68,,Il14H,14,GH2,control,MockInoc,Standard,na,BMDI,4,2,0,0,0,0,100,0,0,1,1
1,,Oh7B,12,GH3,control,MockInoc,Standard,na,BMDI,1,1,1,0,1,0,50,158.94,0.0315,2.547686989,2.701957941
10,,Oh7B,12,GH3,control,MockInoc,Standard,na,BMDI,2,1,0,0,0,0,100,0,0,2.4427372,2.486584482
9,,NC344,12,GH3,control,MockInoc,Standard,na,BMDI,2,1,0,0,0,0,100,0,0,2.251037972,1.821187077
76,,Oh7B,12,GH3,17PR016B.1,GuuCornmeal,G.uu,na,BMDI,10,4,1,1,1,0,30,103.65,0.0457,2.223453877,3.733139956
18,,NC344,12,GH3,control,MockInoc,Standard,na,BMDI,3,1,0,0,0,0,100,0,0,2.06637521,1.956423742
80,,NC344,12,GH3,17PR016B.1,GuuCornmeal,G.uu,na,BMDI,10,4,1,1,1,0,20,144.52,0.0801,2.054716929,1.051840721
21,,Oh7B,12,GH3,control,MockInoc,Standard,na,BMDI,3,1,1,1,1,0,5,165.8,0.0853,2.047138232,2.783538796
25,,Oh7B,12,GH3,control,MockInoc,Standard,na,BMDI,4,2,0,0,0,0,100,0,0,1.962437579,1.027918782
88,,NC344,12,GH3,17PR016B.1,GuuCornmeal,G.uu,na,BMDI,11,4,1,1,1,0,25,132.26,0.0573,1.946602876,1.66190834
85,,Oh7B,12,GH3,17PR016B.1,GuuCornmeal,G.uu,na,BMDI,11,4,1,0,1,0,75,47,0.0326,1.887614553,2.874909355
30,,NC344,12,GH3,control,MockInoc,Standard,na,BMDI,4,2,0,0,0,0,100,0,0,1.855976244,2.163786627
37,,NC344,12,GH3,control,MockInoc,Standard,na,BMDI,5,2,0,0,0,0,100,0,0,1.826610575,2.058602554
11,,CML333,14,GH2,17PR016B.1,GuuCornmeal,G.uu,na,BMDI,3,2,1,1,0,0,0,198.8,0.1136,1.769283335,1.27692926
30,,CML333,14,GH2,17PR016B.1,GuuCornmeal,G.uu,na,BMDI,7,4,1,1,0,0,0,187.83,0.1069,1.698129324,1.36977492
91,,NC344,12,GH3,17PR016B.1,GuuCornmeal,G.uu,na,BMDI,12,4,1,1,1,0,10,176.99,0.0553,1.668343919,0.910593539
55,,Il14H,14,GH1,control,MockInoc,Standard,na,BMDI,7,4,1,1,1,0,10,150.79,0.0832,1.641205094,2.000400481
18,,CML103,14,GH2,17PR016B.1,GuuCornmeal,G.uu,na,BMDI,3,2,1,1,0,0,5,177.34,0.1334,1.616197825,1.334889927
67,,CML103,14,GH2,control,MockInoc,Standard,na,BMDI,4,2,0,0,0,0,100,0,0,1.608633574,1.476984656
52,,CML333,14,GH2,17PR016B.1,GuuCornmeal,G.uu,na,BMDI,11,6,1,1,0,0,0,207.13,0.1059,1.604424703,1.288987138
98,,NC344,12,GH3,17PR016B.1,GuuCornmeal,G.uu,na,BMDI,13,5,1,1,1,0,40,151.69,0.0303,1.589485551,2.407212622
29,,CML103,14,GH2,17PR016B.1,GuuCornmeal,G.uu,na,BMDI,7,4,1,1,0,0,0,154.51,0.2232,1.547663892,1.796197465
71,,CML333,14,GH2,control,MockInoc,Standard,na,BMDI,4,2,1,1,0,0,0,178.8,0.1308,1.527291364,1.577170418
75,,CML333,12,GH3,17PR016B.1,GuuCornmeal,G.uu,na,BMDI,10,4,1,1,1,0,60,125.56,0.0315,1.481910175,0.788860684
82,,CML333,14,GH2,control,MockInoc,Standard,na,BMDI,8,4,0,0,0,0,100,0,0,1.472708636,1.422829582
106,,NC344,12,GH3,17PR016B.1,GuuCornmeal,G.uu,na,BMDI,14,5,0,0,0,0,100,0,0,1.45464544,1.722013524
48,,CML103,14,GH2,17PR016B.1,GuuCornmeal,G.uu,na,BMDI,11,6,1,1,0,0,0,169.82,0.1795,1.408135367,2.233488993
78,,CML103,12,GH3,17PR016B.1,GuuCornmeal,G.uu,na,BMDI,10,4,1,1,1,0,0,184.38,0.1386,1.404181635,1.055962166
84,,CML103,14,GH2,control,MockInoc,Standard,na,BMDI,8,4,1,1,0,0,0,176.51,0.1476,1.391366426,1.523015344
2,,CML103,12,GH3,control,MockInoc,Standard,na,BMDI,1,1,0,0,0,0,100,0,0,1.391176589,1.230266862
16,,CML103,12,GH3,control,MockInoc,Standard,na,BMDI,2,1,1,1,1,0,0,175.8,0.1148,1.370542886,1.255601847
5,,CML333,12,GH3,control,MockInoc,Standard,na,BMDI,1,1,0,0,0,0,100,0,0,1.360133075,2.030610721
79,,Il14H,14,GH1,control,MockInoc,Standard,na,BMDI,9,5,1,1,1,0,0,182.13,0.1665,1.358794906,0.999599519
86,,CML103,12,GH3,17PR016B.1,GuuCornmeal,G.uu,na,BMDI,11,4,1,1,1,0,5,150.98,0.0564,1.339592331,1.404571557
24,,CML103,12,GH3,control,MockInoc,Standard,na,BMDI,3,1,0,0,0,0,100,0,0,1.336686176,1.21709267
87,,CML333,12,GH3,17PR016B.1,GuuCornmeal,G.uu,na,BMDI,11,4,1,1,1,0,80,73.25,0.0241,1.326517882,0.598028968
90,,CML333,12,GH3,17PR016B.1,GuuCornmeal,G.uu,na,BMDI,12,4,1,1,1,0,5,213.81,0.0587,1.317576934,1.257876661
15,,CML333,12,GH3,control,MockInoc,Standard,na,BMDI,2,1,1,0,1,0,5,186.5,0.0829,1.31418076,0.505300881
73,,B73,12,GH3,17PR016B.1,GuuCornmeal,G.uu,na,BMDI,10,4,1,1,1,0,0,149.73,0.122,1.311502791,1.557819141
100,,CML333,12,GH3,17PR016B.1,GuuCornmeal,G.uu,na,BMDI,13,5,1,1,1,0,60,114.4,0.0738,1.303021902,1.291473794
22,,CML333,12,GH3,control,MockInoc,Standard,na,BMDI,3,1,1,1,1,0,0,186.98,0.1304,1.301150541,1.681200538
32,,CML333,12,GH3,control,MockInoc,Standard,na,BMDI,4,2,1,0,1,0,0,174.45,0.0602,1.295952315,1.75242646
28,,CML103,12,GH3,control,MockInoc,Standard,na,BMDI,4,2,1,1,1,0,0,166.63,0.1226,1.292657921,1.818038509
38,,CML333,12,GH3,control,MockInoc,Standard,na,BMDI,5,2,1,1,1,0,0,196.24,0.1511,1.292625451,1.114080932
93,,Oh7B,12,GH3,17PR016B.1,GuuCornmeal,G.uu,na,BMDI,12,4,1,1,1,0,0,180.08,0.1144,1.279770071,1.491298042
33,,CML103,12,GH3,control,MockInoc,Standard,na,BMDI,5,2,1,1,1,0,0,183.98,0.1201,1.277255298,1.163382502
4,,B73,12,GH3,control,MockInoc,Standard,na,BMDI,1,1,1,1,1,0,0,183.07,0.0981,1.274779131,1.279495823
92,,CML103,12,GH3,17PR016B.1,GuuCornmeal,G.uu,na,BMDI,12,4,1,1,1,0,10,174.99,0.0471,1.271370333,0.477311114
99,,Oh7B,12,GH3,17PR016B.1,GuuCornmeal,G.uu,na,BMDI,13,5,1,1,1,0,15,152.88,0.0881,1.264706689,1.220449601
83,,B73,12,GH3,17PR016B.1,GuuCornmeal,G.uu,na,BMDI,11,4,0,0,0,0,100,0,0,1.26403235,0.922028433
14,,B73,12,GH3,control,MockInoc,Standard,na,BMDI,2,1,1,1,1,0,0,187.19,0.1004,1.254208606,1.528799648
102,,CML103,12,GH3,17PR016B.1,GuuCornmeal,G.uu,na,BMDI,13,5,1,1,1,0,0,171.64,0.0746,1.247031282,0.755995946
23,,B73,12,GH3,control,MockInoc,Standard,na,BMDI,3,1,1,0,1,0,30,147.65,0.0765,1.234165531,1.32434413
7,,H100,12,GH3,control,MockInoc,Standard,na,BMDI,1,1,1,1,1,0,0,189.19,0.1177,1.232650904,1.624693252
45,,CML333,12,GH3,control,MockInoc,Standard,na,BMDI,6,2,0,0,0,0,100,0,0,1.226850568,1.107361505
13,,H100,12,GH3,control,MockInoc,Standard,na,BMDI,2,1,1,1,1,0,0,149.34,0.0601,1.217144222,0.865490798
42,,CML103,12,GH3,control,MockInoc,Standard,na,BMDI,6,2,1,1,1,0,0,154.3,0.1059,1.210631685,1.242427655
26,,B73,12,GH3,control,MockInoc,Standard,na,BMDI,4,2,1,1,1,0,0,183.53,0.0957,1.210034724,1.262347941
51,,CML333,12,GH3,control,MockInoc,Standard,na,BMDI,7,3,1,0,1,0,5,189.61,0.0376,1.209107291,0.809018964
40,,B73,12,GH3,control,MockInoc,Standard,na,BMDI,5,2,1,1,1,0,0,193.35,0.097,1.20700189,1.294005569
19,,H100,12,GH3,control,MockInoc,Standard,na,BMDI,3,1,1,1,1,0,5,175.49,0.0908,1.189127948,0.826840491
79,,H100,12,GH3,17PR016B.1,GuuCornmeal,G.uu,na,BMDI,10,4,0,0,0,0,100,0,0,1.188150636,1.45904908
81,,H100,12,GH3,17PR016B.1,GuuCornmeal,G.uu,na,BMDI,11,4,0,0,0,0,100,0,0,1.183980772,1.057361963
95,,H100,12,GH3,17PR016B.1,GuuCornmeal,G.uu,na,BMDI,12,4,1,1,1,0,5,182.36,0.1057,1.175250119,1.474233129
29,,H100,12,GH3,control,MockInoc,Standard,na,BMDI,4,2,1,1,1,0,0,179.35,0.0737,1.168539245,1.017331288
12,,B73,14,GH2,17PR016B.1,GuuCornmeal,G.uu,na,BMDI,3,2,0,0,0,0,100,0,0,1.163308654,1.116453965
69,,B73,14,GH2,control,MockInoc,Standard,na,BMDI,4,2,1,1,0,0,0,152.53,0.1774,1.16258041,0.988605287
43,,B73,12,GH3,control,MockInoc,Standard,na,BMDI,6,2,1,1,1,0,0,190.23,0.1159,1.15109226,0.832331819
36,,H100,12,GH3,control,MockInoc,Standard,na,BMDI,5,2,1,1,1,0,15,186.81,0.0627,1.143389752,1.253374233
97,,H100,12,GH3,17PR016B.1,GuuCornmeal,G.uu,na,BMDI,13,5,1,1,1,0,65,138,0.0768,1.14130482,0.840644172
61,,H100,14,GH1,control,MockInoc,Standard,na,BMDI,7,4,1,1,1,0,0,172.96,0.1146,1.1210678,0.673264781
52,,CML103,12,GH3,control,MockInoc,Standard,na,BMDI,7,3,1,1,1,0,0,188.64,0.1239,1.121049445,1.073189956
47,,H100,12,GH3,control,MockInoc,Standard,na,BMDI,6,2,1,1,1,0,5,146.96,0.1036,1.118631184,1.152607362
12,,H100,14,GH1,17PR016B.1,GuuCornmeal,G.uu,na,BMDI,2,1,1,1,1,0,60,149.47,0.0661,1.105308342,1.255526992
108,,CML103,12,GH3,17PR016B.1,GuuCornmeal,G.uu,na,BMDI,14,5,0,0,0,0,100,0,0,1.096928355,0.571557257
62,,Ms71,14,GH1,control,MockInoc,Standard,na,BMDI,7,4,0,0,1,0,60,150.16,0.0232,1.092692447,1.222277973
60,,CML277,14,GH1,control,MockInoc,Standard,na,BMDI,7,4,0,0,1,0,30,197.86,0.0953,1.092199739,1.208779443
63,,NC304,14,GH1,control,MockInoc,Standard,na,BMDI,7,4,1,1,1,0,0,208.47,0.1143,1.090400307,1.048944631
58,,Oh7B,14,GH1,control,MockInoc,Standard,na,BMDI,7,4,1,1,1,0,0,186.48,0.0934,1.088315438,1.283188908
33,,Ms71,14,GH1,17PR016B.1,GuuCornmeal,G.uu,na,BMDI,4,2,1,1,1,0,0,176.78,0.1005,1.076334956,1.110888108
73,,CML277,14,GH1,control,MockInoc,Standard,na,BMDI,9,5,1,1,1,0,0,200.79,0.1129,1.076261967,1.020342612
57,,CML333,14,GH1,control,MockInoc,Standard,na,BMDI,7,4,0,0,1,0,0,164.44,0.0601,1.072376561,1.545230769
11,,Oh7B,14,GH1,17PR016B.1,GuuCornmeal,G.uu,na,BMDI,2,1,0,0,1,0,50,197.74,0.0912,1.070504376,0.948353553
31,,H100,14,GH1,17PR016B.1,GuuCornmeal,G.uu,na,BMDI,4,2,1,1,1,0,10,174.44,0.0806,1.069680927,0.62159383
40,,Ms71,14,GH1,17PR016B.1,GuuCornmeal,G.uu,na,BMDI,5,3,1,1,1,0,20,178.32,0.0738,1.067039556,1.512794782
80,,H100,14,GH1,control,MockInoc,Standard,na,BMDI,9,5,1,1,1,0,5,182.82,0.0873,1.060605441,0.883804627
70,,Oh7B,14,GH2,control,MockInoc,Standard,na,BMDI,4,2,1,1,0,0,0,167.44,0.118,1.057917324,0.791865358
17,,CML103,14,GH1,17PR016B.1,GuuCornmeal,G.uu,na,BMDI,2,1,1,1,1,0,0,186.38,0.2163,1.039873535,1.600246609
56,,CML103,14,GH1,control,MockInoc,Standard,na,BMDI,7,4,1,1,1,0,0,180.25,0.1289,1.039036638,0.989889026
64,,CML277,14,GH2,control,MockInoc,Standard,na,BMDI,4,2,1,1,0,0,5,168.21,0.087,1.034672249,1.119159725
72,,Ms71,14,GH2,control,MockInoc,Standard,na,BMDI,4,2,1,1,0,0,0,195.53,0.076,1.032821921,1.508007867
90,,NC304,14,GH2,control,MockInoc,Standard,na,BMDI,8,4,1,1,0,0,0,174.5,0.1378,1.031476282,0.934871099
16,,CML333,14,GH1,17PR016B.1,GuuCornmeal,G.uu,na,BMDI,2,1,0,0,1,0,5,170.68,0.1016,1.030873917,0.739384615
59,,B73,14,GH1,control,MockInoc,Standard,na,BMDI,7,4,1,1,1,0,0,189.12,0.1144,1.030308533,1.008818342
15,,NC304,14,GH2,17PR016B.1,GuuCornmeal,G.uu,na,BMDI,3,2,1,1,0,0,0,173.49,0.1433,1.025506133,0.972184532
13,,Oh7B,14,GH2,17PR016B.1,GuuCornmeal,G.uu,na,BMDI,3,2,1,1,0,0,0,186,0.0877,1.023365,0.738008415
83,,CML277,14,GH2,control,MockInoc,Standard,na,BMDI,8,4,1,1,0,0,0,184.52,0.103,1.022111736,0.935530605
88,,Oh7B,14,GH2,control,MockInoc,Standard,na,BMDI,8,4,1,1,0,0,0,192.28,0.0941,1.020834097,1.215147265
89,,Ms71,14,GH2,control,MockInoc,Standard,na,BMDI,8,4,1,1,0,0,10,198.14,0.1789,1.019217069,0.64062939
65,,H100,14,GH2,control,MockInoc,Standard,na,BMDI,4,2,1,1,0,0,0,185.03,0.0746,1.018445562,1.209457093
28,,Oh7B,14,GH1,17PR016B.1,GuuCornmeal,G.uu,na,BMDI,4,2,1,1,1,0,10,172.49,0.1118,1.01154922,0.79965338
76,,Oh7B,14,GH1,control,MockInoc,Standard,na,BMDI,9,5,1,1,1,0,0,201.03,0.1234,1.009546152,0.971230503
87,,H100,14,GH2,control,MockInoc,Standard,na,BMDI,8,4,1,1,0,0,0,186.99,0.1151,1.007770375,0.783887916
36,,CML333,14,GH1,17PR016B.1,GuuCornmeal,G.uu,na,BMDI,4,2,1,1,1,0,0,183.31,0.0801,1.006973344,0.867692308
74,,CML103,14,GH1,control,MockInoc,Standard,na,BMDI,9,5,1,1,1,0,0,186.23,0.1338,1.005672308,0.953637485
78,,NC304,14,GH1,control,MockInoc,Standard,na,BMDI,9,5,1,1,1,0,0,191.98,0.1071,1.004149522,0.982869379
81,,CML333,14,GH1,control,MockInoc,Standard,na,BMDI,9,5,1,1,1,0,0,190.69,0.1674,1.002868069,0.9
75,,Ms71,14,GH1,control,MockInoc,Standard,na,BMDI,9,5,1,1,1,0,10,181.03,0.0812,1.000945636,1.428499749
13,,NC304,14,GH1,17PR016B.1,GuuCornmeal,G.uu,na,BMDI,2,1,1,1,1,0,20,115.8,0.0801,0.993113188,0.589171
29,,CML103,14,GH1,17PR016B.1,GuuCornmeal,G.uu,na,BMDI,4,2,1,1,1,0,0,174.45,0.1563,0.9877069,1.128236745
77,,B73,14,GH1,control,MockInoc,Standard,na,BMDI,9,5,1,1,1,0,0,181.29,0.1359,0.987651406,1.198412698
94,,B73,12,GH3,17PR016B.1,GuuCornmeal,G.uu,na,BMDI,12,4,0,0,0,0,100,0,0,0.987187376,1.609262788
91,,B73,14,GH1,control,MockInoc,Standard,na,BMDI,11,6,1,1,1,0,0,180.26,0.0899,0.98204006,0.792768959
10,,B73,14,GH1,17PR016B.1,GuuCornmeal,G.uu,na,BMDI,2,1,1,1,1,0,0,179.29,0.1559,0.976755589,1.374779541
105,,H100,14,GH2,control,MockInoc,Standard,na,BMDI,12,6,1,1,0,0,0,178.79,0.0958,0.973784063,1.006654991
54,,B73,12,GH3,control,MockInoc,Standard,na,BMDI,7,3,1,0,1,0,90,50.99,0.0144,0.973473693,1.009086912
41,,CML103,14,GH1,17PR016B.1,GuuCornmeal,G.uu,na,BMDI,5,3,1,1,1,0,0,177.03,0.1525,0.973312256,1.156350185
55,,H100,12,GH3,control,MockInoc,Standard,na,BMDI,7,3,0,0,0,0,100,0,0,0.973011713,0.829601227
10,,H100,14,GH2,17PR016B.1,GuuCornmeal,G.uu,na,BMDI,3,2,1,1,0,0,0,0,0,0.969100053,1.688616462
101,,NC304,14,GH2,control,MockInoc,Standard,na,BMDI,12,6,1,1,0,0,0,163.85,0.157,0.968523718,1.065128901
39,,CML333,14,GH1,17PR016B.1,GuuCornmeal,G.uu,na,BMDI,5,3,1,1,1,0,0,179.06,0.094,0.959847036,0.937846154
64,,H100,12,GH3,control,MockInoc,Standard,na,BMDI,8,3,1,0,1,0,5,182.51,0.0599,0.957505031,1.43006135
99,,CML103,14,GH1,control,MockInoc,Standard,na,BMDI,11,6,1,1,1,0,0,171.22,0.1428,0.955291054,1.05647349
102,,Ms71,14,GH2,control,MockInoc,Standard,na,BMDI,12,6,1,1,0,0,0,181.86,0.101,0.94796101,0.851362742
108,,CML277,14,GH2,control,MockInoc,Standard,na,BMDI,12,6,1,1,0,0,0,182.28,0.0861,0.943216015,0.94530967
44,,Oh7B,14,GH1,17PR016B.1,GuuCornmeal,G.uu,na,BMDI,5,3,1,1,1,0,0,186.85,0.0769,0.933808536,1.162564991
86,,B73,14,GH2,control,MockInoc,Standard,na,BMDI,8,4,1,1,0,0,0,191.57,0.1446,0.925658454,1.212853236
95,,CML333,14,GH1,control,MockInoc,Standard,na,BMDI,11,6,1,1,1,0,0,178.33,0.0975,0.924755371,0.554769231
100,,Oh7B,14,GH2,control,MockInoc,Standard,na,BMDI,12,6,1,1,0,0,0,185.54,0.1444,0.921248579,0.992987377
14,,Ms71,14,GH2,17PR016B.1,GuuCornmeal,G.uu,na,BMDI,3,2,0,0,0,0,100,0,0,0.917728007,0.795729137
37,,H100,14,GH1,17PR016B.1,GuuCornmeal,G.uu,na,BMDI,5,3,1,1,1,0,0,180.25,0.1628,0.916562762,0.509768638
105,,H100,12,GH3,17PR016B.1,GuuCornmeal,G.uu,na,BMDI,14,5,1,1,1,0,65,128.87,0.0794,0.91326538,0.817177914
103,,B73,14,GH2,control,MockInoc,Standard,na,BMDI,12,6,1,1,0,0,0,150.24,0.1168,0.911761136,0.798541477
35,,NC304,14,GH2,17PR016B.1,GuuCornmeal,G.uu,na,BMDI,7,4,1,1,0,0,30,140.06,0.0592,0.909945323,0.343283582
97,,Ms71,14,GH1,control,MockInoc,Standard,na,BMDI,11,6,1,1,1,0,10,165.83,0.0949,0.906361917,0.349222278
94,,NC304,14,GH1,control,MockInoc,Standard,na,BMDI,11,6,1,1,1,0,0,173.11,0.1055,0.905450171,0.96818599
96,,Oh7B,14,GH1,control,MockInoc,Standard,na,BMDI,11,6,1,1,1,0,0,166.64,0.0717,0.90213841,0.745580589
118,,H100,12,GH3,17PR016B.1,GuuCornmeal,G.uu,na,BMDI,15,5,1,1,1,0,10,175.17,0.0609,0.899126935,1.060122699
107,,CML333,12,GH3,17PR016B.1,GuuCornmeal,G.uu,na,BMDI,14,5,1,1,1,0,5,191.39,0.0445,0.870252287,0.423323876
123,,H100,12,GH3,17PR016B.1,GuuCornmeal,G.uu,na,BMDI,16,6,1,1,1,0,0,180.38,0.1068,0.839641218,1.09601227
93,,CML277,14,GH1,control,MockInoc,Standard,na,BMDI,11,6,1,1,1,0,0,152.87,0.072,0.831538294,0.770877944
54,,NC304,14,GH2,17PR016B.1,GuuCornmeal,G.uu,na,BMDI,11,6,1,1,0,0,80,153.94,0.0506,0.827900103,0.401628223
92,,H100,14,GH1,control,MockInoc,Standard,na,BMDI,11,6,1,1,1,0,0,133.45,0.1871,0.818326758,1.442930591
34,,B73,14,GH1,17PR016B.1,GuuCornmeal,G.uu,na,BMDI,4,2,0,0,0,0,100,0,0,0.815388527,0.314814815
30,,NC304,14,GH1,17PR016B.1,GuuCornmeal,G.uu,na,BMDI,4,2,1,1,1,0,30,189.87,0.0642,0.804606318,0.614866932
113,,CML333,12,GH3,17PR016B.1,GuuCornmeal,G.uu,na,BMDI,15,5,1,1,1,0,5,188,0.0961,0.792902689,0.991787367
34,,Ms71,14,GH2,17PR016B.1,GuuCornmeal,G.uu,na,BMDI,7,4,1,1,0,0,0,176.06,0.0944,0.791374907,0.664231526
101,,B73,12,GH3,17PR016B.1,GuuCornmeal,G.uu,na,BMDI,13,5,0,0,0,0,100,0,0,0.787745594,0.280961454
28,,H100,14,GH2,17PR016B.1,GuuCornmeal,G.uu,na,BMDI,7,4,1,1,0,0,0,177.93,0.1607,0.78734954,0.813309982
18,,Il14H,14,GH1,17PR016B.1,GuuCornmeal,G.uu,na,BMDI,2,1,0,0,0,0,100,0,0,0.685029437,0.134561474
119,,CML103,12,GH3,17PR016B.1,GuuCornmeal,G.uu,na,BMDI,15,5,1,0,1,0,95,1.84,0,0.675535822,0.265510641
42,,NC304,14,GH1,17PR016B.1,GuuCornmeal,G.uu,na,BMDI,5,3,0,0,1,0,0,153.83,0.067,0.605690773,0.735087183
122,,CML333,12,GH3,17PR016B.1,GuuCornmeal,G.uu,na,BMDI,16,6,1,1,1,0,10,190.1,0.0936,0.590241198,0.552336867
111,,Oh7B,12,GH3,17PR016B.1,GuuCornmeal,G.uu,na,BMDI,14,5,0,0,0,0,100,0,0,0.580310596,1.063814358
114,,NC344,12,GH3,17PR016B.1,GuuCornmeal,G.uu,na,BMDI,15,5,0,0,0,0,100,0,0,0.569715967,0.667167543
112,,B73,12,GH3,17PR016B.1,GuuCornmeal,G.uu,na,BMDI,14,5,1,1,1,0,30,79.97,0.0571,0.527251549,0.753187747
117,,B73,12,GH3,17PR016B.1,GuuCornmeal,G.uu,na,BMDI,15,5,1,1,1,0,5,198.92,0.1181,0.510636895,0.377253408
130,,CML333,12,GH3,17PR016B.1,GuuCornmeal,G.uu,na,BMDI,17,6,0,0,0,0,100,0,0,0.507693374,0.323876363
62,,B73,12,GH3,control,MockInoc,Standard,na,BMDI,8,3,1,0,1,0,75,54.46,0.0212,0.35906114,0.279642386
71,,B73,12,GH3,control,MockInoc,Standard,na,BMDI,9,3,1,1,1,0,0,174.59,0.0631,0.336183025,0.189945772
14,,CML277,14,GH1,17PR016B.1,GuuCornmeal,G.uu,na,BMDI,2,1,0,0,1,0,95,2.73,0.0091,0.014849869,0.097430407
127,,CML103,12,GH3,17PR016B.1,GuuCornmeal,G.uu,na,BMDI,16,6,0,0,0,0,100,0,0,0.013368315,0
45,,B73,14,GH1,17PR016B.1,GuuCornmeal,G.uu,na,BMDI,5,3,0,0,1,0,40,149.67,0.0357,0,0
32,,B73,14,GH2,17PR016B.1,GuuCornmeal,G.uu,na,BMDI,7,4,1,1,0,0,0,191.69,0.1633,0,0
49,,B73,14,GH2,17PR016B.1,GuuCornmeal,G.uu,na,BMDI,11,6,0,0,0,0,100,0,0,0,0
121,,B73,12,GH3,17PR016B.1,GuuCornmeal,G.uu,na,BMDI,16,6,1,1,1,0,20,191.72,0.0699,0,0
132,,B73,12,GH3,17PR016B.1,GuuCornmeal,G.uu,na,BMDI,17,6,1,1,1,0,75,119.48,0.0213,0,0
142,,B73,12,GH3,17PR016B.1,GuuCornmeal,G.uu,na,BMDI,18,6,1,1,1,0,85,77.45,0.0286,0,0
106,,CML103,14,GH2,control,MockInoc,Standard,na,BMDI,12,6,1,1,0,0,0,152.67,0.1522,0,0
59,,CML103,12,GH3,control,MockInoc,Standard,na,BMDI,8,3,1,1,1,0,0,191.48,0.1214,0,0
69,,CML103,12,GH3,control,MockInoc,Standard,na,BMDI,9,3,1,1,1,0,0,177.92,0.1794,0,0
136,,CML103,12,GH3,17PR016B.1,GuuCornmeal,G.uu,na,BMDI,17,6,1,1,1,0,5,193.27,0.1042,0,0
144,,CML103,12,GH3,17PR016B.1,GuuCornmeal,G.uu,na,BMDI,18,6,1,1,1,0,65,92.98,0.0262,0,0
35,,CML277,14,GH1,17PR016B.1,GuuCornmeal,G.uu,na,BMDI,4,2,0,0,0,0,100,0,0,0,0
43,,CML277,14,GH1,17PR016B.1,GuuCornmeal,G.uu,na,BMDI,5,3,0,0,0,0,100,0,0,0,0
17,,CML277,14,GH2,17PR016B.1,GuuCornmeal,G.uu,na,BMDI,3,2,0,0,0,0,100,0,0,0,0
31,,CML277,14,GH2,17PR016B.1,GuuCornmeal,G.uu,na,BMDI,7,4,0,0,0,0,100,0,0,0,0
51,,CML277,14,GH2,17PR016B.1,GuuCornmeal,G.uu,na,BMDI,11,6,0,0,0,0,100,0,0,0,0
107,,CML333,14,GH2,control,MockInoc,Standard,na,BMDI,12,6,1,1,0,0,0,172.41,0.118,0,0
63,,CML333,12,GH3,control,MockInoc,Standard,na,BMDI,8,3,1,1,1,0,0,187.73,0.1251,0,0
68,,CML333,12,GH3,control,MockInoc,Standard,na,BMDI,9,3,1,1,1,0,0,177.01,0.0824,0,0
137,,CML333,12,GH3,17PR016B.1,GuuCornmeal,G.uu,na,BMDI,18,6,1,1,1,0,50,85.16,0.0411,0,0
46,,H100,14,GH2,17PR016B.1,GuuCornmeal,G.uu,na,BMDI,11,6,1,1,0,0,5,144.56,0.0774,0,0
66,,H100,12,GH3,control,MockInoc,Standard,na,BMDI,9,3,1,1,1,0,5,171.69,0.0835,0,0
134,,H100,12,GH3,17PR016B.1,GuuCornmeal,G.uu,na,BMDI,17,6,1,1,1,0,55,140.17,0.0592,0,0
139,,H100,12,GH3,17PR016B.1,GuuCornmeal,G.uu,na,BMDI,18,6,1,1,1,0,5,181.72,0.0766,0,0
98,,Il14H,14,GH1,control,MockInoc,Standard,na,BMDI,11,6,0,0,0,0,100,0,0,0,0
32,,Il14H,14,GH1,17PR016B.1,GuuCornmeal,G.uu,na,BMDI,4,2,0,0,1,0,70,76.02,0.0112,0,0
38,,Il14H,14,GH1,17PR016B.1,GuuCornmeal,G.uu,na,BMDI,5,3,0,0,0,0,100,0,0,0,0
85,,Il14H,14,GH2,control,MockInoc,Standard,na,BMDI,8,4,0,0,0,0,100,0,0,0,0
104,,Il14H,14,GH2,control,MockInoc,Standard,na,BMDI,12,6,1,1,0,0,0,179.63,0.072,0,0
16,,Il14H,14,GH2,17PR016B.1,GuuCornmeal,G.uu,na,BMDI,3,2,0,0,0,0,100,0,0,0,0
33,,Il14H,14,GH2,17PR016B.1,GuuCornmeal,G.uu,na,BMDI,7,4,0,0,0,0,100,0,0,0,0
11,,Il14H,12,GH3,control,MockInoc,Standard,na,BMDI,2,1,0,0,0,0,100,0,0,0,0
17,,Il14H,12,GH3,control,MockInoc,Standard,na,BMDI,3,1,1,0,1,0,0,194.44,0.0184,0,0
31,,Il14H,12,GH3,control,MockInoc,Standard,na,BMDI,4,2,0,0,0,0,100,0,0,0,0
34,,Il14H,12,GH3,control,MockInoc,Standard,na,BMDI,5,2,0,0,0,0,100,0,0,0,0
46,,Il14H,12,GH3,control,MockInoc,Standard,na,BMDI,6,2,0,0,0,0,100,0,0,0,0
53,,Il14H,12,GH3,control,MockInoc,Standard,na,BMDI,7,3,0,0,0,0,100,0,0,0,0
61,,Il14H,12,GH3,control,MockInoc,Standard,na,BMDI,8,3,0,0,0,0,100,0,0,0,0
65,,Il14H,12,GH3,control,MockInoc,Standard,na,BMDI,9,3,0,0,0,0,100,0,0,0,0
74,,Il14H,12,GH3,17PR016B.1,GuuCornmeal,G.uu,na,BMDI,10,4,0,0,0,0,100,0,0,0,0
84,,Il14H,12,GH3,17PR016B.1,GuuCornmeal,G.uu,na,BMDI,11,4,0,0,0,0,100,0,0,0,0
89,,Il14H,12,GH3,17PR016B.1,GuuCornmeal,G.uu,na,BMDI,12,4,0,0,0,0,100,0,0,0,0
110,,Il14H,12,GH3,17PR016B.1,GuuCornmeal,G.uu,na,BMDI,14,5,0,0,0,0,100,0,0,0,0
115,,Il14H,12,GH3,17PR016B.1,GuuCornmeal,G.uu,na,BMDI,15,5,0,0,0,0,100,0,0,0,0
131,,Il14H,12,GH3,17PR016B.1,GuuCornmeal,G.uu,na,BMDI,17,6,0,0,0,0,100,0,0,0,0
140,,Il14H,12,GH3,17PR016B.1,GuuCornmeal,G.uu,na,BMDI,18,6,0,0,0,0,100,0,0,0,0
53,,Ms71,14,GH2,17PR016B.1,GuuCornmeal,G.uu,na,BMDI,11,6,1,1,0,0,30,151.82,0.0788,0,0
41,,NC344,12,GH3,control,MockInoc,Standard,na,BMDI,6,2,1,1,1,0,0,168.75,0.072,0,0
49,,NC344,12,GH3,control,MockInoc,Standard,na,BMDI,7,3,1,1,1,0,5,187.88,0.0651,0,0
58,,NC344,12,GH3,control,MockInoc,Standard,na,BMDI,8,3,1,1,1,0,0,204.67,0.0606,0,0
70,,NC344,12,GH3,control,MockInoc,Standard,na,BMDI,9,3,1,1,1,0,0,166.08,0.0685,0,0
128,,NC344,12,GH3,17PR016B.1,GuuCornmeal,G.uu,na,BMDI,16,6,1,1,1,0,80,186.82,0.035,0,0
129,,NC344,12,GH3,17PR016B.1,GuuCornmeal,G.uu,na,BMDI,17,6,1,0,1,0,90,51.8,0.0222,0,0
143,,NC344,12,GH3,17PR016B.1,GuuCornmeal,G.uu,na,BMDI,18,6,0,0,0,0,100,0,0,0,0
36,,Oh7B,14,GH2,17PR016B.1,GuuCornmeal,G.uu,na,BMDI,7,4,0,0,0,0,100,0,0,0,0
47,,Oh7B,14,GH2,17PR016B.1,GuuCornmeal,G.uu,na,BMDI,11,6,0,0,0,0,100,0,0,0,0
39,,Oh7B,12,GH3,control,MockInoc,Standard,na,BMDI,5,2,0,0,0,0,100,0,0,0,0
44,,Oh7B,12,GH3,control,MockInoc,Standard,na,BMDI,6,2,1,1,1,0,5,197.84,0.0762,0,0
56,,Oh7B,12,GH3,control,MockInoc,Standard,na,BMDI,7,3,0,0,0,0,100,0,0,0,0
57,,Oh7B,12,GH3,control,MockInoc,Standard,na,BMDI,8,3,0,0,0,0,100,0,0,0,0
67,,Oh7B,12,GH3,control,MockInoc,Standard,na,BMDI,9,3,1,1,1,0,0,206.34,0.0828,0,0
116,,Oh7B,12,GH3,17PR016B.1,GuuCornmeal,G.uu,na,BMDI,15,5,0,0,0,0,100,0,0,0,0
124,,Oh7B,12,GH3,17PR016B.1,GuuCornmeal,G.uu,na,BMDI,16,6,0,0,0,0,100,0,0,0,0
135,,Oh7B,12,GH3,17PR016B.1,GuuCornmeal,G.uu,na,BMDI,17,6,1,0,1,0,70,102.43,0.0374,0,0
138,,Oh7B,12,GH3,17PR016B.1,GuuCornmeal,G.uu,na,BMDI,18,6,0,0,0,0,100,0,0,0,0
