Seed_ID,Packet_ID,pedigree,DPI,repetition,isolate,inocMethod,isolateSpecies,agarType,SoilType,seedNum,block,germinated,standCount7,standCount14,escape,lesionPercent,rootLength,rootMass,notes
7,,B73,16,rep1,17PR016B.1,GuuCornmeal,G. ultimum var. ultimum,na,BM2,1,1,1,1,1,0,0,220.31,0.1553,
79,,B73,16,rep1,control,MockInoc,control,na,BM2,9,5,1,1,1,0,0,284.52,0.1431,
22,,B73,16,rep1,17PR016B.1,GuuCornmeal,G. ultimum var. ultimum,na,BM2,3,2,1,1,1,0,5,261.84,0.1681,
97,,B73,16,rep1,control,MockInoc,control,na,BM2,11,6,1,1,1,0,10,252.03,0.1564,
55,,B73,16,rep1,control,MockInoc,control,na,BM2,7,4,1,1,1,0,20,251.15,0.1376,
43,,B73,16,rep1,17PR016B.1,GuuCornmeal,G. ultimum var. ultimum,na,BM2,5,3,0,0,1,0,100,35,0.0073,
4,,CML103,16,rep1,17PR016B.1,GuuCornmeal,G. ultimum var. ultimum,na,BM2,1,1,1,1,1,0,0,264.69,0.3427,
25,,CML103,16,rep1,17PR016B.1,GuuCornmeal,G. ultimum var. ultimum,na,BM2,3,2,1,1,1,0,0,427.88,0.2213,
39,,CML103,16,rep1,17PR016B.1,GuuCornmeal,G. ultimum var. ultimum,na,BM2,5,3,0,0,1,0,0,355.66,0.1843,
63,,CML103,16,rep1,control,MockInoc,control,na,BM2,7,4,1,1,1,0,0,383.22,0.2642,
73,,CML103,16,rep1,control,MockInoc,control,na,BM2,9,5,1,1,1,0,5,330.46,0.2431,
99,,CML103,16,rep1,control,MockInoc,control,na,BM2,11,6,1,1,1,0,5,261.54,0.2252,
2,,CML277,16,rep1,17PR016B.1,GuuCornmeal,G. ultimum var. ultimum,na,BM2,1,1,1,1,1,0,0,372.05,0.1525,
19,,CML277,16,rep1,17PR016B.1,GuuCornmeal,G. ultimum var. ultimum,na,BM2,3,2,1,1,1,0,0,276.06,0.2053,
42,,CML277,16,rep1,17PR016B.1,GuuCornmeal,G. ultimum var. ultimum,na,BM2,5,3,1,1,1,0,0,270.12,0.1331,
76,,CML277,16,rep1,control,MockInoc,control,na,BM2,9,5,1,1,1,0,5,390.82,0.2075,
94,,CML277,16,rep1,control,MockInoc,control,na,BM2,11,6,1,1,1,0,5,247.62,0.0966,
59,,CML277,16,rep1,control,MockInoc,control,na,BM2,7,4,0,0,0,0,100,0,0,Either died early or never germinated. Seed rotten.
26,,CML333,16,rep1,17PR016B.1,GuuCornmeal,G. ultimum var. ultimum,na,BM2,3,2,1,1,1,0,0,456.91,0.2723,
40,,CML333,16,rep1,17PR016B.1,GuuCornmeal,G. ultimum var. ultimum,na,BM2,5,3,1,1,1,0,0,392.56,0.1582,
78,,CML333,16,rep1,control,MockInoc,control,na,BM2,9,5,1,1,1,0,0,365.18,0.1818,
62,,CML333,16,rep1,control,MockInoc,control,na,BM2,7,4,1,1,1,0,5,372.1,0.2124,
96,,CML333,16,rep1,control,MockInoc,control,na,BM2,11,6,1,1,1,0,5,349.53,0.1984,
8,,CML333,16,rep1,17PR016B.1,GuuCornmeal,G. ultimum var. ultimum,na,BM2,1,1,1,1,1,0,80,39.44,0.0003,
6,,H100,16,rep1,17PR016B.1,GuuCornmeal,G. ultimum var. ultimum,na,BM2,1,1,1,1,1,0,0,278.87,0.2295,
44,,H100,16,rep1,17PR016B.1,GuuCornmeal,G. ultimum var. ultimum,na,BM2,5,3,1,1,1,0,0,384.17,0.225,
77,,H100,16,rep1,control,MockInoc,control,na,BM2,9,5,1,1,1,0,0,294.1,0.1889,
60,,H100,16,rep1,control,MockInoc,control,na,BM2,7,4,1,1,1,0,5,330.01,0.1672,
92,,H100,16,rep1,control,MockInoc,control,na,BM2,11,6,1,1,1,0,5,296.54,0.1815,
24,,H100,16,rep1,17PR016B.1,GuuCornmeal,G. ultimum var. ultimum,na,BM2,3,2,0,0,0,0,100,0,0,Either died early or never germinated. Seed rotten.
5,,Il14H,16,rep1,17PR016B.1,GuuCornmeal,G. ultimum var. ultimum,na,BM2,1,1,1,1,1,0,0,290.65,0.1156,
37,,Il14H,16,rep1,17PR016B.1,GuuCornmeal,G. ultimum var. ultimum,na,BM2,5,3,1,1,1,0,5,297.54,0.0919,
81,,Il14H,16,rep1,control,MockInoc,control,na,BM2,9,5,1,1,1,0,5,264.84,0.16,
61,,Il14H,16,rep1,control,MockInoc,control,na,BM2,7,4,1,1,1,0,15,377.22,0.0801,
21,,Il14H,16,rep1,17PR016B.1,GuuCornmeal,G. ultimum var. ultimum,na,BM2,3,2,1,1,1,0,20,163.93,0.0683,
98,,Il14H,16,rep1,control,MockInoc,control,na,BM2,11,6,0,0,0,0,100,0,0,Either died early or never germinated. Seed rotten.
1,,Ms71,16,rep1,17PR016B.1,GuuCornmeal,G. ultimum var. ultimum,na,BM2,1,1,1,1,1,0,5,269.54,0.1811,
38,,Ms71,16,rep1,17PR016B.1,GuuCornmeal,G. ultimum var. ultimum,na,BM2,5,3,1,1,1,0,5,286.84,0.122,
58,,Ms71,16,rep1,control,MockInoc,control,na,BM2,7,4,1,1,1,0,10,231.83,0.1818,
91,,Ms71,16,rep1,control,MockInoc,control,na,BM2,11,6,1,1,1,0,10,260.84,0.143,
80,,Ms71,16,rep1,control,MockInoc,control,na,BM2,9,5,1,1,1,0,15,358.9,0.1302,
23,,Ms71,16,rep1,17PR016B.1,GuuCornmeal,G. ultimum var. ultimum,na,BM2,3,2,0,0,1,0,95,0,0,Only a coleoptile
75,,NC304,16,rep1,control,MockInoc,control,na,BM2,9,5,1,1,1,0,0,345.46,0.1182,
3,,NC304,16,rep1,17PR016B.1,GuuCornmeal,G. ultimum var. ultimum,na,BM2,1,1,1,1,1,0,5,307.67,0.155,
20,,NC304,16,rep1,17PR016B.1,GuuCornmeal,G. ultimum var. ultimum,na,BM2,3,2,1,1,1,0,5,376.76,0.2203,
45,,NC304,16,rep1,17PR016B.1,GuuCornmeal,G. ultimum var. ultimum,na,BM2,5,3,1,1,1,0,5,307.83,0.1905,
57,,NC304,16,rep1,control,MockInoc,control,na,BM2,7,4,1,1,1,0,10,205.25,0.1397,
95,,NC304,16,rep1,control,MockInoc,control,na,BM2,11,6,1,1,1,0,50,270.94,0.1779,
9,,Oh7B,16,rep1,17PR016B.1,GuuCornmeal,G. ultimum var. ultimum,na,BM2,1,1,1,1,1,0,0,357.05,0.1471,
41,,Oh7B,16,rep1,17PR016B.1,GuuCornmeal,G. ultimum var. ultimum,na,BM2,5,3,1,1,1,0,0,287.65,0.1838,
56,,Oh7B,16,rep1,control,MockInoc,control,na,BM2,7,4,1,1,1,0,5,383.76,0.2255,
27,,Oh7B,16,rep1,17PR016B.1,GuuCornmeal,G. ultimum var. ultimum,na,BM2,3,2,0,0,1,0,50,148.03,0.0125,
74,,Oh7B,16,rep1,control,MockInoc,control,na,BM2,9,5,1,1,1,0,75,212.11,0.0478,
93,,Oh7B,16,rep1,control,MockInoc,control,na,BM2,11,6,1,1,1,0,80,205.03,0.0455,
3,,B73,14,rep2,17PR016B.1,GuuCornmeal,G. ultimum var. ultimum,na,BM2,1,1,1,1,1,0,10,199.83,0.06,
20,,B73,14,rep2,17PR016B.1,GuuCornmeal,G. ultimum var. ultimum,na,BM2,3,2,1,1,1,0,0,183.4,0.1686,
49,,B73,14,rep2,17PR016B.1,GuuCornmeal,G. ultimum var. ultimum,na,BM2,6,3,1,1,1,0,0,176.85,0.1535,
68,,B73,14,rep2,control,MockInoc,control,na,BM2,8,4,1,1,1,0,0,190.14,0.0823,
90,,B73,14,rep2,control,MockInoc,control,na,BM2,10,5,1,1,1,0,10,179.53,0.0885,
102,,B73,14,rep2,control,MockInoc,control,na,BM2,12,6,0,0,1,0,0,168.68,0.0858,
6,,CML103,14,rep2,17PR016B.1,GuuCornmeal,G. ultimum var. ultimum,na,BM2,1,1,0,0,0,0,100,0,0,
23,,CML103,14,rep2,17PR016B.1,GuuCornmeal,G. ultimum var. ultimum,na,BM2,3,2,1,1,1,0,0,176.15,0.195,
54,,CML103,14,rep2,17PR016B.1,GuuCornmeal,G. ultimum var. ultimum,na,BM2,6,3,1,1,1,0,0,184.55,0.2286,
67,,CML103,14,rep2,control,MockInoc,control,na,BM2,8,4,1,1,1,0,0,175.9,0.1476,
87,,CML103,14,rep2,control,MockInoc,control,na,BM2,10,5,1,1,1,0,0,173.55,0.1276,
101,,CML103,14,rep2,control,MockInoc,control,na,BM2,12,6,1,1,1,0,0,181.67,0.1454,
8,,CML277,14,rep2,17PR016B.1,GuuCornmeal,G. ultimum var. ultimum,na,BM2,1,1,0,0,0,0,100,0,0,
27,,CML277,14,rep2,17PR016B.1,GuuCornmeal,G. ultimum var. ultimum,na,BM2,3,2,0,0,0,0,100,0,0,
46,,CML277,14,rep2,17PR016B.1,GuuCornmeal,G. ultimum var. ultimum,na,BM2,6,3,1,1,1,0,20,170.97,0.0516,
72,,CML277,14,rep2,control,MockInoc,control,na,BM2,8,4,0,0,0,0,100,0,0,
82,,CML277,14,rep2,control,MockInoc,control,na,BM2,10,5,1,1,1,0,0,162.55,0.073,
104,,CML277,14,rep2,control,MockInoc,control,na,BM2,12,6,1,1,1,0,20,190.33,0.0497,
9,,CML333,14,rep2,17PR016B.1,GuuCornmeal,G. ultimum var. ultimum,na,BM2,1,1,1,1,1,0,5,190.24,0.096,
22,,CML333,14,rep2,17PR016B.1,GuuCornmeal,G. ultimum var. ultimum,na,BM2,3,2,1,1,1,0,0,184.22,0.1055,
48,,CML333,14,rep2,17PR016B.1,GuuCornmeal,G. ultimum var. ultimum,na,BM2,6,3,0,0,0,0,100,0,0,
66,,CML333,14,rep2,control,MockInoc,control,na,BM2,8,4,0,0,1,0,5,144.12,0.0904,
89,,CML333,14,rep2,control,MockInoc,control,na,BM2,10,5,1,1,1,0,0,171.35,0.1128,
106,,CML333,14,rep2,control,MockInoc,control,na,BM2,12,6,1,1,1,0,0,190.14,0.1333,
2,,H100,14,rep2,17PR016B.1,GuuCornmeal,G. ultimum var. ultimum,na,BM2,1,1,0,0,1,0,80,166.89,0.059,
25,,H100,14,rep2,17PR016B.1,GuuCornmeal,G. ultimum var. ultimum,na,BM2,3,2,0,0,0,0,100,0,0,
50,,H100,14,rep2,17PR016B.1,GuuCornmeal,G. ultimum var. ultimum,na,BM2,6,3,1,1,1,0,0,178.04,0.1376,
70,,H100,14,rep2,control,MockInoc,control,na,BM2,8,4,0,0,0,0,100,0,0,
84,,H100,14,rep2,control,MockInoc,control,na,BM2,10,5,1,1,1,0,0,173.66,0.1529,
108,,H100,14,rep2,control,MockInoc,control,na,BM2,12,6,1,1,1,0,0,174.1,0.1518,
1,,Il14H,14,rep2,17PR016B.1,GuuCornmeal,G. ultimum var. ultimum,na,BM2,1,1,1,1,1,0,70,186.83,0.0057,
21,,Il14H,14,rep2,17PR016B.1,GuuCornmeal,G. ultimum var. ultimum,na,BM2,3,2,1,1,1,0,90,160.82,0.0402,
53,,Il14H,14,rep2,17PR016B.1,GuuCornmeal,G. ultimum var. ultimum,na,BM2,6,3,1,1,1,0,0,194.02,0.0868,
71,,Il14H,14,rep2,control,MockInoc,control,na,BM2,8,4,1,1,1,0,0,179.82,0.1048,
85,,Il14H,14,rep2,control,MockInoc,control,na,BM2,10,5,0,0,0,0,100,0,0,
107,,Il14H,14,rep2,control,MockInoc,control,na,BM2,12,6,1,1,1,0,0,180.94,0.122,
4,,Ms71,14,rep2,17PR016B.1,GuuCornmeal,G. ultimum var. ultimum,na,BM2,1,1,0,0,1,0,5,181.72,0.0609,
26,,Ms71,14,rep2,17PR016B.1,GuuCornmeal,G. ultimum var. ultimum,na,BM2,3,2,0,0,0,0,100,0,0,
51,,Ms71,14,rep2,17PR016B.1,GuuCornmeal,G. ultimum var. ultimum,na,BM2,6,3,1,1,1,0,0,151.78,0.1394,
65,,Ms71,14,rep2,control,MockInoc,control,na,BM2,8,4,0,0,0,0,100,0,0,
86,,Ms71,14,rep2,control,MockInoc,control,na,BM2,10,5,1,1,1,0,0,130.75,0.1015,
103,,Ms71,14,rep2,control,MockInoc,control,na,BM2,12,6,1,1,1,0,0,176.86,0.1245,
5,,NC304,14,rep2,17PR016B.1,GuuCornmeal,G. ultimum var. ultimum,na,BM2,1,1,1,1,1,0,10,170.15,0.1594,
24,,NC304,14,rep2,17PR016B.1,GuuCornmeal,G. ultimum var. ultimum,na,BM2,3,2,1,1,1,0,0,183.06,0.148,
47,,NC304,14,rep2,17PR016B.1,GuuCornmeal,G. ultimum var. ultimum,na,BM2,6,3,1,1,1,0,0,183.41,0.1233,
69,,NC304,14,rep2,control,MockInoc,control,na,BM2,8,4,1,1,1,0,0,191.24,0.0759,
83,,NC304,14,rep2,control,MockInoc,control,na,BM2,10,5,1,1,1,0,0,190.02,0.1405,
100,,NC304,14,rep2,control,MockInoc,control,na,BM2,12,6,1,1,1,0,0,186.3,0.1176,
7,,Oh7B,14,rep2,17PR016B.1,GuuCornmeal,G. ultimum var. ultimum,na,BM2,1,1,1,1,1,0,5,181.46,0.1066,
19,,Oh7B,14,rep2,17PR016B.1,GuuCornmeal,G. ultimum var. ultimum,na,BM2,3,2,1,1,1,0,5,181.41,0.0677,
52,,Oh7B,14,rep2,17PR016B.1,GuuCornmeal,G. ultimum var. ultimum,na,BM2,6,3,1,1,1,0,0,176.51,0.1157,
64,,Oh7B,14,rep2,control,MockInoc,control,na,BM2,8,4,0,0,0,0,100,0,0,
88,,Oh7B,14,rep2,control,MockInoc,control,na,BM2,10,5,1,1,1,0,0,195.62,0.1204,
105,,Oh7B,14,rep2,control,MockInoc,control,na,BM2,12,6,1,1,1,0,10,138.83,0.1018,
3,,B73,14,rep3,17PR016B.1,GuuCornmeal,G. ultimum var. ultimum,na,BM2,1,1,1,1,0,0,5,180.06,0.1213,
26,,B73,14,rep3,17PR016B.1,GuuCornmeal,G. ultimum var. ultimum,na,BM2,5,3,1,1,0,0,5,173.41,0.1631,
38,,B73,14,rep3,17PR016B.1,GuuCornmeal,G. ultimum var. ultimum,na,BM2,9,5,0,0,0,0,80,42.09,0.0092,
55,,B73,14,rep3,control,MockInoc,control,na,BM2,2,1,1,1,0,0,0,158.57,0.0828,
80,,B73,14,rep3,control,MockInoc,control,na,BM2,6,3,1,1,0,0,0,183.94,0.0954,
94,,B73,14,rep3,control,MockInoc,control,na,BM2,10,5,1,1,0,0,0,176.68,0.1417,
8,,CML103,14,rep3,17PR016B.1,GuuCornmeal,G. ultimum var. ultimum,na,BM2,1,1,1,1,0,0,5,185.47,0.1279,
24,,CML103,14,rep3,17PR016B.1,GuuCornmeal,G. ultimum var. ultimum,na,BM2,5,3,0,0,0,0,100,0,0,
39,,CML103,14,rep3,17PR016B.1,GuuCornmeal,G. ultimum var. ultimum,na,BM2,9,5,1,1,0,0,0,168.2,0.1397,
56,,CML103,14,rep3,control,MockInoc,control,na,BM2,2,1,0,0,0,0,100,0,0,
79,,CML103,14,rep3,control,MockInoc,control,na,BM2,6,3,1,1,0,0,0,171.44,0.1431,
97,,CML103,14,rep3,control,MockInoc,control,na,BM2,10,5,1,1,0,0,0,171.61,0.1525,
2,,CML277,14,rep3,17PR016B.1,GuuCornmeal,G. ultimum var. ultimum,na,BM2,1,1,1,1,0,0,80,151.32,0.0517,
20,,CML277,14,rep3,17PR016B.1,GuuCornmeal,G. ultimum var. ultimum,na,BM2,5,3,1,1,0,0,60,140.88,0.045,
43,,CML277,14,rep3,17PR016B.1,GuuCornmeal,G. ultimum var. ultimum,na,BM2,9,5,0,0,0,0,100,0,0,
60,,CML277,14,rep3,control,MockInoc,control,na,BM2,2,1,1,1,0,0,10,181.41,0.0852,
73,,CML277,14,rep3,control,MockInoc,control,na,BM2,6,3,0,0,0,0,50,164.89,0.054,
95,,CML277,14,rep3,control,MockInoc,control,na,BM2,10,5,0,0,0,0,100,0,0,
1,,CML333,14,rep3,17PR016B.1,GuuCornmeal,G. ultimum var. ultimum,na,BM2,1,1,1,1,0,0,5,172.69,0.1612,
22,,CML333,14,rep3,17PR016B.1,GuuCornmeal,G. ultimum var. ultimum,na,BM2,5,3,0,0,0,0,100,0,0,
44,,CML333,14,rep3,17PR016B.1,GuuCornmeal,G. ultimum var. ultimum,na,BM2,9,5,0,0,0,0,100,0,0,
58,,CML333,14,rep3,control,MockInoc,control,na,BM2,2,1,1,1,0,0,0,194.29,0.1372,
76,,CML333,14,rep3,control,MockInoc,control,na,BM2,6,3,1,1,0,0,0,185.82,0.0916,
98,,CML333,14,rep3,control,MockInoc,control,na,BM2,10,5,1,1,0,0,0,163.94,0.1134,
9,,H100,14,rep3,17PR016B.1,GuuCornmeal,G. ultimum var. ultimum,na,BM2,1,1,1,1,0,0,10,174.92,0.0953,
23,,H100,14,rep3,17PR016B.1,GuuCornmeal,G. ultimum var. ultimum,na,BM2,5,3,0,0,0,0,100,0,0,
41,,H100,14,rep3,17PR016B.1,GuuCornmeal,G. ultimum var. ultimum,na,BM2,9,5,1,1,0,0,0,178.51,0.117,
57,,H100,14,rep3,control,MockInoc,control,na,BM2,2,1,1,1,0,0,0,176.83,0.1926,
77,,H100,14,rep3,control,MockInoc,control,na,BM2,6,3,1,1,0,0,0,178.12,0.1095,
99,,H100,14,rep3,control,MockInoc,control,na,BM2,10,5,1,1,0,0,0,173.38,0.0841,
5,,Il14H,14,rep3,17PR016B.1,GuuCornmeal,G. ultimum var. ultimum,na,BM2,1,1,1,1,0,0,5,175.23,0.0952,
27,,Il14H,14,rep3,17PR016B.1,GuuCornmeal,G. ultimum var. ultimum,na,BM2,5,3,0,0,0,0,100,0,0,
37,,Il14H,14,rep3,17PR016B.1,GuuCornmeal,G. ultimum var. ultimum,na,BM2,9,5,0,0,0,0,100,0,0,
62,,Il14H,14,rep3,control,MockInoc,control,na,BM2,2,1,0,0,0,0,100,0,0,
78,,Il14H,14,rep3,control,MockInoc,control,na,BM2,6,3,1,1,0,0,0,204.8,0.1803,
92,,Il14H,14,rep3,control,MockInoc,control,na,BM2,10,5,1,1,0,0,0,194.66,0.1044,
7,,Ms71,14,rep3,17PR016B.1,GuuCornmeal,G. ultimum var. ultimum,na,BM2,1,1,1,1,0,0,20,185.45,0.0892,
25,,Ms71,14,rep3,17PR016B.1,GuuCornmeal,G. ultimum var. ultimum,na,BM2,5,3,1,1,0,0,0,190.34,0.1616,
40,,Ms71,14,rep3,17PR016B.1,GuuCornmeal,G. ultimum var. ultimum,na,BM2,9,5,0,0,0,0,100,0,0,
63,,Ms71,14,rep3,control,MockInoc,control,na,BM2,2,1,1,1,0,0,0,184.86,0.1254,
81,,Ms71,14,rep3,control,MockInoc,control,na,BM2,6,3,1,1,0,0,0,186.24,0.0998,
93,,Ms71,14,rep3,control,MockInoc,control,na,BM2,10,5,1,1,0,0,5,167.64,0.0732,
6,,NC304,14,rep3,17PR016B.1,GuuCornmeal,G. ultimum var. ultimum,na,BM2,1,1,1,1,0,0,5,169.27,0.0488,
19,,NC304,14,rep3,17PR016B.1,GuuCornmeal,G. ultimum var. ultimum,na,BM2,5,3,1,1,0,0,0,181.1,0.0974,
42,,NC304,14,rep3,17PR016B.1,GuuCornmeal,G. ultimum var. ultimum,na,BM2,9,5,1,1,0,0,0,165.72,0.0983,
59,,NC304,14,rep3,control,MockInoc,control,na,BM2,2,1,1,1,0,1,0,191.4,0.1164,
74,,NC304,14,rep3,control,MockInoc,control,na,BM2,6,3,1,1,0,1,0,185.73,0.151,
91,,NC304,14,rep3,control,MockInoc,control,na,BM2,10,5,1,1,0,0,0,187.71,0.1605,
4,,Oh7B,14,rep3,17PR016B.1,GuuCornmeal,G. ultimum var. ultimum,na,BM2,1,1,1,1,0,0,15,168.51,0.0782,
21,,Oh7B,14,rep3,17PR016B.1,GuuCornmeal,G. ultimum var. ultimum,na,BM2,5,3,1,1,0,0,0,188.4,0.0943,
45,,Oh7B,14,rep3,17PR016B.1,GuuCornmeal,G. ultimum var. ultimum,na,BM2,9,5,1,1,0,0,10,178.21,0.0509,
61,,Oh7B,14,rep3,control,MockInoc,control,na,BM2,2,1,1,1,0,0,0,193.97,0.1686,
75,,Oh7B,14,rep3,control,MockInoc,control,na,BM2,6,3,1,1,0,0,0,176.66,0.0713,
96,,Oh7B,14,rep3,control,MockInoc,control,na,BM2,10,5,1,1,0,0,10,152.69,0.0663,
10,,B73,14,rep2,17PR016B.1,GuuCornmeal,G. ultimum var. ultimum,na,BMDI,2,1,1,1,1,0,0,179.29,0.1559,
34,,B73,14,rep2,17PR016B.1,GuuCornmeal,G. ultimum var. ultimum,na,BMDI,4,2,0,0,0,0,100,0,0,
45,,B73,14,rep2,17PR016B.1,GuuCornmeal,G. ultimum var. ultimum,na,BMDI,5,3,0,0,1,0,40,149.67,0.0357,
59,,B73,14,rep2,control,MockInoc,control,na,BMDI,7,4,1,1,1,0,0,189.12,0.1144,
77,,B73,14,rep2,control,MockInoc,control,na,BMDI,9,5,1,1,1,0,0,181.29,0.1359,
91,,B73,14,rep2,control,MockInoc,control,na,BMDI,11,6,1,1,1,0,0,180.26,0.0899,
17,,CML103,14,rep2,17PR016B.1,GuuCornmeal,G. ultimum var. ultimum,na,BMDI,2,1,1,1,1,0,0,186.38,0.2163,
29,,CML103,14,rep2,17PR016B.1,GuuCornmeal,G. ultimum var. ultimum,na,BMDI,4,2,1,1,1,0,0,174.45,0.1563,
41,,CML103,14,rep2,17PR016B.1,GuuCornmeal,G. ultimum var. ultimum,na,BMDI,5,3,1,1,1,0,0,177.03,0.1525,
56,,CML103,14,rep2,control,MockInoc,control,na,BMDI,7,4,1,1,1,0,0,180.25,0.1289,
74,,CML103,14,rep2,control,MockInoc,control,na,BMDI,9,5,1,1,1,0,0,186.23,0.1338,
99,,CML103,14,rep2,control,MockInoc,control,na,BMDI,11,6,1,1,1,0,0,171.22,0.1428,
14,,CML277,14,rep2,17PR016B.1,GuuCornmeal,G. ultimum var. ultimum,na,BMDI,2,1,0,0,1,0,95,2.73,0.0091,
35,,CML277,14,rep2,17PR016B.1,GuuCornmeal,G. ultimum var. ultimum,na,BMDI,4,2,0,0,0,0,100,0,0,
43,,CML277,14,rep2,17PR016B.1,GuuCornmeal,G. ultimum var. ultimum,na,BMDI,5,3,0,0,0,0,100,0,0,
60,,CML277,14,rep2,control,MockInoc,control,na,BMDI,7,4,0,0,1,0,30,197.86,0.0953,
73,,CML277,14,rep2,control,MockInoc,control,na,BMDI,9,5,1,1,1,0,0,200.79,0.1129,
93,,CML277,14,rep2,control,MockInoc,control,na,BMDI,11,6,1,1,1,0,0,152.87,0.072,
16,,CML333,14,rep2,17PR016B.1,GuuCornmeal,G. ultimum var. ultimum,na,BMDI,2,1,0,0,1,0,5,170.68,0.1016,
36,,CML333,14,rep2,17PR016B.1,GuuCornmeal,G. ultimum var. ultimum,na,BMDI,4,2,1,1,1,0,0,183.31,0.0801,
39,,CML333,14,rep2,17PR016B.1,GuuCornmeal,G. ultimum var. ultimum,na,BMDI,5,3,1,1,1,0,0,179.06,0.094,
57,,CML333,14,rep2,control,MockInoc,control,na,BMDI,7,4,0,0,1,0,0,164.44,0.0601,
81,,CML333,14,rep2,control,MockInoc,control,na,BMDI,9,5,1,1,1,0,0,190.69,0.1674,
95,,CML333,14,rep2,control,MockInoc,control,na,BMDI,11,6,1,1,1,0,0,178.33,0.0975,
12,,H100,14,rep2,17PR016B.1,GuuCornmeal,G. ultimum var. ultimum,na,BMDI,2,1,1,1,1,0,60,149.47,0.0661,
31,,H100,14,rep2,17PR016B.1,GuuCornmeal,G. ultimum var. ultimum,na,BMDI,4,2,1,1,1,0,10,174.44,0.0806,
37,,H100,14,rep2,17PR016B.1,GuuCornmeal,G. ultimum var. ultimum,na,BMDI,5,3,1,1,1,0,0,180.25,0.1628,
61,,H100,14,rep2,control,MockInoc,control,na,BMDI,7,4,1,1,1,0,0,172.96,0.1146,
80,,H100,14,rep2,control,MockInoc,control,na,BMDI,9,5,1,1,1,0,5,182.82,0.0873,
92,,H100,14,rep2,control,MockInoc,control,na,BMDI,11,6,1,1,1,0,0,133.45,0.1871,
18,,Il14H,14,rep2,17PR016B.1,GuuCornmeal,G. ultimum var. ultimum,na,BMDI,2,1,0,0,0,0,100,0,0,
32,,Il14H,14,rep2,17PR016B.1,GuuCornmeal,G. ultimum var. ultimum,na,BMDI,4,2,0,0,1,0,70,76.02,0.0112,
38,,Il14H,14,rep2,17PR016B.1,GuuCornmeal,G. ultimum var. ultimum,na,BMDI,5,3,0,0,0,0,100,0,0,
55,,Il14H,14,rep2,control,MockInoc,control,na,BMDI,7,4,1,1,1,0,10,150.79,0.0832,
79,,Il14H,14,rep2,control,MockInoc,control,na,BMDI,9,5,1,1,1,0,0,182.13,0.1665,
98,,Il14H,14,rep2,control,MockInoc,control,na,BMDI,11,6,0,0,0,0,100,0,0,
15,,Ms71,14,rep2,17PR016B.1,GuuCornmeal,G. ultimum var. ultimum,na,BMDI,2,1,1,1,1,1,50,163.8,0.0122,albino
33,,Ms71,14,rep2,17PR016B.1,GuuCornmeal,G. ultimum var. ultimum,na,BMDI,4,2,1,1,1,0,0,176.78,0.1005,
40,,Ms71,14,rep2,17PR016B.1,GuuCornmeal,G. ultimum var. ultimum,na,BMDI,5,3,1,1,1,0,20,178.32,0.0738,
62,,Ms71,14,rep2,control,MockInoc,control,na,BMDI,7,4,0,0,1,0,60,150.16,0.0232,
75,,Ms71,14,rep2,control,MockInoc,control,na,BMDI,9,5,1,1,1,0,10,181.03,0.0812,
97,,Ms71,14,rep2,control,MockInoc,control,na,BMDI,11,6,1,1,1,0,10,165.83,0.0949,
13,,NC304,14,rep2,17PR016B.1,GuuCornmeal,G. ultimum var. ultimum,na,BMDI,2,1,1,1,1,0,20,115.8,0.0801,
30,,NC304,14,rep2,17PR016B.1,GuuCornmeal,G. ultimum var. ultimum,na,BMDI,4,2,1,1,1,0,30,189.87,0.0642,
42,,NC304,14,rep2,17PR016B.1,GuuCornmeal,G. ultimum var. ultimum,na,BMDI,5,3,0,0,1,0,0,153.83,0.067,
63,,NC304,14,rep2,control,MockInoc,control,na,BMDI,7,4,1,1,1,0,0,208.47,0.1143,
78,,NC304,14,rep2,control,MockInoc,control,na,BMDI,9,5,1,1,1,0,0,191.98,0.1071,
94,,NC304,14,rep2,control,MockInoc,control,na,BMDI,11,6,1,1,1,0,0,173.11,0.1055,
11,,Oh7B,14,rep2,17PR016B.1,GuuCornmeal,G. ultimum var. ultimum,na,BMDI,2,1,0,0,1,0,50,197.74,0.0912,
28,,Oh7B,14,rep2,17PR016B.1,GuuCornmeal,G. ultimum var. ultimum,na,BMDI,4,2,1,1,1,0,10,172.49,0.1118,
44,,Oh7B,14,rep2,17PR016B.1,GuuCornmeal,G. ultimum var. ultimum,na,BMDI,5,3,1,1,1,0,0,186.85,0.0769,
58,,Oh7B,14,rep2,control,MockInoc,control,na,BMDI,7,4,1,1,1,0,0,186.48,0.0934,
76,,Oh7B,14,rep2,control,MockInoc,control,na,BMDI,9,5,1,1,1,0,0,201.03,0.1234,
96,,Oh7B,14,rep2,control,MockInoc,control,na,BMDI,11,6,1,1,1,0,0,166.64,0.0717,
12,,B73,14,rep3,17PR016B.1,GuuCornmeal,G. ultimum var. ultimum,na,BMDI,3,2,0,0,0,0,100,0,0,
32,,B73,14,rep3,17PR016B.1,GuuCornmeal,G. ultimum var. ultimum,na,BMDI,7,4,1,1,0,0,0,191.69,0.1633,
49,,B73,14,rep3,17PR016B.1,GuuCornmeal,G. ultimum var. ultimum,na,BMDI,11,6,0,0,0,0,100,0,0,
69,,B73,14,rep3,control,MockInoc,control,na,BMDI,4,2,1,1,0,0,0,152.53,0.1774,
86,,B73,14,rep3,control,MockInoc,control,na,BMDI,8,4,1,1,0,0,0,191.57,0.1446,
103,,B73,14,rep3,control,MockInoc,control,na,BMDI,12,6,1,1,0,0,0,150.24,0.1168,
18,,CML103,14,rep3,17PR016B.1,GuuCornmeal,G. ultimum var. ultimum,na,BMDI,3,2,1,1,0,0,5,177.34,0.1334,
29,,CML103,14,rep3,17PR016B.1,GuuCornmeal,G. ultimum var. ultimum,na,BMDI,7,4,1,1,0,0,0,154.51,0.2232,
48,,CML103,14,rep3,17PR016B.1,GuuCornmeal,G. ultimum var. ultimum,na,BMDI,11,6,1,1,0,0,0,169.82,0.1795,
67,,CML103,14,rep3,control,MockInoc,control,na,BMDI,4,2,0,0,0,0,100,0,0,
84,,CML103,14,rep3,control,MockInoc,control,na,BMDI,8,4,1,1,0,0,0,176.51,0.1476,
106,,CML103,14,rep3,control,MockInoc,control,na,BMDI,12,6,1,1,0,0,0,152.67,0.1522,
17,,CML277,14,rep3,17PR016B.1,GuuCornmeal,G. ultimum var. ultimum,na,BMDI,3,2,0,0,0,0,100,0,0,
31,,CML277,14,rep3,17PR016B.1,GuuCornmeal,G. ultimum var. ultimum,na,BMDI,7,4,0,0,0,0,100,0,0,
51,,CML277,14,rep3,17PR016B.1,GuuCornmeal,G. ultimum var. ultimum,na,BMDI,11,6,0,0,0,0,100,0,0,
64,,CML277,14,rep3,control,MockInoc,control,na,BMDI,4,2,1,1,0,0,5,168.21,0.087,
83,,CML277,14,rep3,control,MockInoc,control,na,BMDI,8,4,1,1,0,0,0,184.52,0.103,
108,,CML277,14,rep3,control,MockInoc,control,na,BMDI,12,6,1,1,0,0,0,182.28,0.0861,
11,,CML333,14,rep3,17PR016B.1,GuuCornmeal,G. ultimum var. ultimum,na,BMDI,3,2,1,1,0,0,0,198.8,0.1136,
30,,CML333,14,rep3,17PR016B.1,GuuCornmeal,G. ultimum var. ultimum,na,BMDI,7,4,1,1,0,0,0,187.83,0.1069,
52,,CML333,14,rep3,17PR016B.1,GuuCornmeal,G. ultimum var. ultimum,na,BMDI,11,6,1,1,0,0,0,207.13,0.1059,
71,,CML333,14,rep3,control,MockInoc,control,na,BMDI,4,2,1,1,0,0,0,178.8,0.1308,
82,,CML333,14,rep3,control,MockInoc,control,na,BMDI,8,4,0,0,0,0,100,0,0,
107,,CML333,14,rep3,control,MockInoc,control,na,BMDI,12,6,1,1,0,0,0,172.41,0.118,
10,,H100,14,rep3,17PR016B.1,GuuCornmeal,G. ultimum var. ultimum,na,BMDI,3,2,1,1,0,0,0,0,0,
28,,H100,14,rep3,17PR016B.1,GuuCornmeal,G. ultimum var. ultimum,na,BMDI,7,4,1,1,0,0,0,177.93,0.1607,
46,,H100,14,rep3,17PR016B.1,GuuCornmeal,G. ultimum var. ultimum,na,BMDI,11,6,1,1,0,0,5,144.56,0.0774,
65,,H100,14,rep3,control,MockInoc,control,na,BMDI,4,2,1,1,0,0,0,185.03,0.0746,
87,,H100,14,rep3,control,MockInoc,control,na,BMDI,8,4,1,1,0,0,0,186.99,0.1151,
105,,H100,14,rep3,control,MockInoc,control,na,BMDI,12,6,1,1,0,0,0,178.79,0.0958,
16,,Il14H,14,rep3,17PR016B.1,GuuCornmeal,G. ultimum var. ultimum,na,BMDI,3,2,0,0,0,0,100,0,0,
33,,Il14H,14,rep3,17PR016B.1,GuuCornmeal,G. ultimum var. ultimum,na,BMDI,7,4,0,0,0,0,100,0,0,
50,,Il14H,14,rep3,17PR016B.1,GuuCornmeal,G. ultimum var. ultimum,na,BMDI,11,6,1,1,0,1,0,153.81,0.196,
68,,Il14H,14,rep3,control,MockInoc,control,na,BMDI,4,2,0,0,0,0,100,0,0,
85,,Il14H,14,rep3,control,MockInoc,control,na,BMDI,8,4,0,0,0,0,100,0,0,
104,,Il14H,14,rep3,control,MockInoc,control,na,BMDI,12,6,1,1,0,0,0,179.63,0.072,
14,,Ms71,14,rep3,17PR016B.1,GuuCornmeal,G. ultimum var. ultimum,na,BMDI,3,2,0,0,0,0,100,0,0,
34,,Ms71,14,rep3,17PR016B.1,GuuCornmeal,G. ultimum var. ultimum,na,BMDI,7,4,1,1,0,0,0,176.06,0.0944,
53,,Ms71,14,rep3,17PR016B.1,GuuCornmeal,G. ultimum var. ultimum,na,BMDI,11,6,1,1,0,0,30,151.82,0.0788,
72,,Ms71,14,rep3,control,MockInoc,control,na,BMDI,4,2,1,1,0,0,0,195.53,0.076,
89,,Ms71,14,rep3,control,MockInoc,control,na,BMDI,8,4,1,1,0,0,10,198.14,0.1789,
102,,Ms71,14,rep3,control,MockInoc,control,na,BMDI,12,6,1,1,0,0,0,181.86,0.101,
15,,NC304,14,rep3,17PR016B.1,GuuCornmeal,G. ultimum var. ultimum,na,BMDI,3,2,1,1,0,0,0,173.49,0.1433,
35,,NC304,14,rep3,17PR016B.1,GuuCornmeal,G. ultimum var. ultimum,na,BMDI,7,4,1,1,0,0,30,140.06,0.0592,
54,,NC304,14,rep3,17PR016B.1,GuuCornmeal,G. ultimum var. ultimum,na,BMDI,11,6,1,1,0,0,80,153.94,0.0506,
66,,NC304,14,rep3,control,MockInoc,control,na,BMDI,4,2,1,1,0,1,0,171.94,0.1284,
90,,NC304,14,rep3,control,MockInoc,control,na,BMDI,8,4,1,1,0,0,0,174.5,0.1378,
101,,NC304,14,rep3,control,MockInoc,control,na,BMDI,12,6,1,1,0,0,0,163.85,0.157,
13,,Oh7B,14,rep3,17PR016B.1,GuuCornmeal,G. ultimum var. ultimum,na,BMDI,3,2,1,1,0,0,0,186,0.0877,
36,,Oh7B,14,rep3,17PR016B.1,GuuCornmeal,G. ultimum var. ultimum,na,BMDI,7,4,0,0,0,0,100,0,0,
47,,Oh7B,14,rep3,17PR016B.1,GuuCornmeal,G. ultimum var. ultimum,na,BMDI,11,6,0,0,0,0,100,0,0,
70,,Oh7B,14,rep3,control,MockInoc,control,na,BMDI,4,2,1,1,0,0,0,167.44,0.118,
88,,Oh7B,14,rep3,control,MockInoc,control,na,BMDI,8,4,1,1,0,0,0,192.28,0.0941,
100,,Oh7B,14,rep3,control,MockInoc,control,na,BMDI,12,6,1,1,0,0,0,185.54,0.1444,
29,,B73,16,rep1,17PR016B.1,GuuCornmeal,G. ultimum var. ultimum,na,VO,4,2,0,0,0,0,100,0,0,Either died early or never germinated. Seed rotten.
15,,B73,16,rep1,17PR016B.1,GuuCornmeal,G. ultimum var. ultimum,na,VO,2,1,1,1,1,0,40,134.34,0.0429,
105,,B73,16,rep1,control,MockInoc,control,na,VO,12,6,1,1,1,0,40,124.5,0.0731,
69,,B73,16,rep1,control,MockInoc,control,na,VO,8,4,1,1,1,0,50,86.78,0.009,
85,,B73,16,rep1,control,MockInoc,control,na,VO,10,5,0,0,1,0,80,13.79,0.0012,
50,,B73,16,rep1,17PR016B.1,GuuCornmeal,G. ultimum var. ultimum,na,VO,6,3,0,0,0,0,100,0,0,Either died early or never germinated. Seed rotten.
35,,CML103,16,rep1,17PR016B.1,GuuCornmeal,G. ultimum var. ultimum,na,VO,4,2,0,0,1,0,70,153.56,0.0178,
107,,CML103,16,rep1,control,MockInoc,control,na,VO,12,6,1,1,1,0,85,146.9,0.0284,
86,,CML103,16,rep1,control,MockInoc,control,na,VO,10,5,1,1,1,0,95,10.03,0.0005,
10,,CML103,16,rep1,17PR016B.1,GuuCornmeal,G. ultimum var. ultimum,na,VO,2,1,0,0,0,0,100,0,0,Either died early or never germinated. Seed rotten.
46,,CML103,16,rep1,17PR016B.1,GuuCornmeal,G. ultimum var. ultimum,na,VO,6,3,0,0,0,0,100,0,0,Either died early or never germinated. Seed rotten.
70,,CML103,16,rep1,control,MockInoc,control,na,VO,8,4,0,0,0,0,100,0,0,Either died early or never germinated. Seed rotten.
71,,CML277,16,rep1,control,MockInoc,control,na,VO,8,4,1,1,1,0,10,262.98,0.1305,
36,,CML277,16,rep1,17PR016B.1,GuuCornmeal,G. ultimum var. ultimum,na,VO,4,2,1,1,1,0,75,63.67,0.0014,
108,,CML277,16,rep1,control,MockInoc,control,na,VO,12,6,1,1,1,0,80,36.43,0.0033,
87,,CML277,16,rep1,control,MockInoc,control,na,VO,10,5,0,0,1,0,100,5.45,0.0008,
11,,CML277,16,rep1,17PR016B.1,GuuCornmeal,G. ultimum var. ultimum,na,VO,2,1,0,0,0,0,100,0,0,Either died early or never germinated. Seed rotten.
48,,CML277,16,rep1,17PR016B.1,GuuCornmeal,G. ultimum var. ultimum,na,VO,6,3,0,0,0,0,100,0,0,Either died early or never germinated. Seed rotten.
90,,CML333,16,rep1,control,MockInoc,control,na,VO,10,5,1,1,1,0,60,277.59,0.0658,
64,,CML333,16,rep1,control,MockInoc,control,na,VO,8,4,1,1,1,0,70,227.1,0.1426,
52,,CML333,16,rep1,17PR016B.1,GuuCornmeal,G. ultimum var. ultimum,na,VO,6,3,0,0,1,0,85,87.16,0.0052,
14,,CML333,16,rep1,17PR016B.1,GuuCornmeal,G. ultimum var. ultimum,na,VO,2,1,0,0,0,0,100,0,0,Either died early or never germinated. Seed rotten.
30,,CML333,16,rep1,17PR016B.1,GuuCornmeal,G. ultimum var. ultimum,na,VO,4,2,0,0,0,0,100,0,0,Either died early or never germinated. Seed rotten.
104,,CML333,16,rep1,control,MockInoc,control,na,VO,12,6,0,0,0,0,100,0,0,Either died early or never germinated. Seed rotten.
82,,H100,16,rep1,control,MockInoc,control,na,VO,10,5,0,0,1,0,20,193.83,0.0441,
65,,H100,16,rep1,control,MockInoc,control,na,VO,8,4,0,0,1,0,100,0,0,Only a coleoptile
101,,H100,16,rep1,control,MockInoc,control,na,VO,12,6,0,0,1,0,100,0,0,Only a coleoptile
16,,H100,16,rep1,17PR016B.1,GuuCornmeal,G. ultimum var. ultimum,na,VO,2,1,0,0,0,0,100,0,0,Either died early or never germinated. Seed rotten.
32,,H100,16,rep1,17PR016B.1,GuuCornmeal,G. ultimum var. ultimum,na,VO,4,2,0,0,0,0,100,0,0,Either died early or never germinated. Seed rotten.
53,,H100,16,rep1,17PR016B.1,GuuCornmeal,G. ultimum var. ultimum,na,VO,6,3,0,0,0,0,100,0,0,Either died early or never germinated. Seed rotten.
72,,Il14H,16,rep1,control,MockInoc,control,na,VO,8,4,1,1,1,0,100,0,0,Only a coleoptile
13,,Il14H,16,rep1,17PR016B.1,GuuCornmeal,G. ultimum var. ultimum,na,VO,2,1,0,0,0,0,100,0,0,Either died early or never germinated. Seed rotten.
31,,Il14H,16,rep1,17PR016B.1,GuuCornmeal,G. ultimum var. ultimum,na,VO,4,2,0,0,0,0,100,0,0,Either died early or never germinated. Seed rotten.
49,,Il14H,16,rep1,17PR016B.1,GuuCornmeal,G. ultimum var. ultimum,na,VO,6,3,0,0,0,0,100,0,0,Either died early or never germinated. Seed rotten.
88,,Il14H,16,rep1,control,MockInoc,control,na,VO,10,5,0,0,0,0,100,0,0,Either died early or never germinated. Seed rotten.
102,,Il14H,16,rep1,control,MockInoc,control,na,VO,12,6,0,0,0,0,100,0,0,Either died early or never germinated. Seed rotten.
84,,Mo18W,16,rep1,control,MockInoc,control,na,VO,10,5,1,1,1,0,75,213.89,0.0555,
106,,Mo18W,16,rep1,control,MockInoc,control,na,VO,12,6,1,1,1,0,80,102.13,0.0166,
18,,Mo18W,16,rep1,17PR016B.1,GuuCornmeal,G. ultimum var. ultimum,na,VO,2,1,1,1,1,0,100,5.95,0.0004,
33,,Mo18W,16,rep1,17PR016B.1,GuuCornmeal,G. ultimum var. ultimum,na,VO,4,2,0,0,0,0,100,0,0,Either died early or never germinated. Seed rotten.
54,,Mo18W,16,rep1,17PR016B.1,GuuCornmeal,G. ultimum var. ultimum,na,VO,6,3,0,0,0,0,100,0,0,Either died early or never germinated. Seed rotten.
67,,Mo18W,16,rep1,control,MockInoc,control,na,VO,8,4,0,0,0,0,100,0,0,Either died early or never germinated. Seed rotten.
34,,NC304,16,rep1,17PR016B.1,GuuCornmeal,G. ultimum var. ultimum,na,VO,4,2,1,1,1,1,15,210.4,0.0718,
47,,NC304,16,rep1,17PR016B.1,GuuCornmeal,G. ultimum var. ultimum,na,VO,6,3,1,1,1,1,30,307.6,0.1441,
12,,NC304,16,rep1,17PR016B.1,GuuCornmeal,G. ultimum var. ultimum,na,VO,2,1,1,1,1,1,65,203.76,0.0288,
89,,NC304,16,rep1,control,MockInoc,control,na,VO,10,5,0,0,1,0,90,25.9,0.001,
68,,NC304,16,rep1,control,MockInoc,control,na,VO,8,4,0,0,1,0,100,13.76,0.0012,
103,,NC304,16,rep1,control,MockInoc,control,na,VO,12,6,0,0,0,0,100,0,0,Either died early or never germinated. Seed rotten.
28,,Oh7B,16,rep1,17PR016B.1,GuuCornmeal,G. ultimum var. ultimum,na,VO,4,2,1,1,1,0,0,293.83,0.19,
66,,Oh7B,16,rep1,control,MockInoc,control,na,VO,8,4,1,1,1,0,10,376.92,0.2197,
100,,Oh7B,16,rep1,control,MockInoc,control,na,VO,12,6,1,1,1,0,10,265.19,0.1207,
17,,Oh7B,16,rep1,17PR016B.1,GuuCornmeal,G. ultimum var. ultimum,na,VO,2,1,1,1,1,0,15,137.08,0.008,
83,,Oh7B,16,rep1,control,MockInoc,control,na,VO,10,5,0,0,1,0,95,16.23,0.008,
51,,Oh7B,16,rep1,17PR016B.1,GuuCornmeal,G. ultimum var. ultimum,na,VO,6,3,0,0,1,0,100,0,0,Only a coleoptile
4,,B73,12,rep4,control,MockInoc,control,na,BMDI,1,1,1,1,1,0,0,183.07,0.0981,
14,,B73,12,rep4,control,MockInoc,control,na,BMDI,2,1,1,1,1,0,0,187.19,0.1004,
23,,B73,12,rep4,control,MockInoc,control,na,BMDI,3,1,1,0,1,0,30,147.65,0.0765,
26,,B73,12,rep4,control,MockInoc,control,na,BMDI,4,2,1,1,1,0,0,183.53,0.0957,
40,,B73,12,rep4,control,MockInoc,control,na,BMDI,5,2,1,1,1,0,0,193.35,0.097,
43,,B73,12,rep4,control,MockInoc,control,na,BMDI,6,2,1,1,1,0,0,190.23,0.1159,
54,,B73,12,rep4,control,MockInoc,control,na,BMDI,7,3,1,0,1,0,90,50.99,0.0144,
62,,B73,12,rep4,control,MockInoc,control,na,BMDI,8,3,1,0,1,0,75,54.46,0.0212,
71,,B73,12,rep4,control,MockInoc,control,na,BMDI,9,3,1,1,1,0,0,174.59,0.0631,
73,,B73,12,rep4,17PR016B.1,6gInoculum,G. ultimum var. ultimum,na,BMDI,10,4,1,1,1,0,0,149.73,0.122,
83,,B73,12,rep4,17PR016B.1,6gInoculum,G. ultimum var. ultimum,na,BMDI,11,4,0,0,0,0,100,0,0,
94,,B73,12,rep4,17PR016B.1,6gInoculum,G. ultimum var. ultimum,na,BMDI,12,4,0,0,0,0,100,0,0,
101,,B73,12,rep4,17PR016B.1,6gInoculum,G. ultimum var. ultimum,na,BMDI,13,5,0,0,0,0,100,0,0,
112,,B73,12,rep4,17PR016B.1,6gInoculum,G. ultimum var. ultimum,na,BMDI,14,5,1,1,1,0,30,79.97,0.0571,
117,,B73,12,rep4,17PR016B.1,6gInoculum,G. ultimum var. ultimum,na,BMDI,15,5,1,1,1,0,5,198.92,0.1181,
121,,B73,12,rep4,17PR016B.1,6gInoculum,G. ultimum var. ultimum,na,BMDI,16,6,1,1,1,0,20,191.72,0.0699,
132,,B73,12,rep4,17PR016B.1,6gInoculum,G. ultimum var. ultimum,na,BMDI,17,6,1,1,1,0,75,119.48,0.0213,
142,,B73,12,rep4,17PR016B.1,6gInoculum,G. ultimum var. ultimum,na,BMDI,18,6,1,1,1,0,85,77.45,0.0286,
2,,CML103,12,rep4,control,MockInoc,control,na,BMDI,1,1,0,0,0,0,100,0,0,
16,,CML103,12,rep4,control,MockInoc,control,na,BMDI,2,1,1,1,1,0,0,175.8,0.1148,
24,,CML103,12,rep4,control,MockInoc,control,na,BMDI,3,1,0,0,0,0,100,0,0,
28,,CML103,12,rep4,control,MockInoc,control,na,BMDI,4,2,1,1,1,0,0,166.63,0.1226,
33,,CML103,12,rep4,control,MockInoc,control,na,BMDI,5,2,1,1,1,0,0,183.98,0.1201,
42,,CML103,12,rep4,control,MockInoc,control,na,BMDI,6,2,1,1,1,0,0,154.3,0.1059,
52,,CML103,12,rep4,control,MockInoc,control,na,BMDI,7,3,1,1,1,0,0,188.64,0.1239,
59,,CML103,12,rep4,control,MockInoc,control,na,BMDI,8,3,1,1,1,0,0,191.48,0.1214,
69,,CML103,12,rep4,control,MockInoc,control,na,BMDI,9,3,1,1,1,0,0,177.92,0.1794,
78,,CML103,12,rep4,17PR016B.1,6gInoculum,G. ultimum var. ultimum,na,BMDI,10,4,1,1,1,0,0,184.38,0.1386,
86,,CML103,12,rep4,17PR016B.1,6gInoculum,G. ultimum var. ultimum,na,BMDI,11,4,1,1,1,0,5,150.98,0.0564,
92,,CML103,12,rep4,17PR016B.1,6gInoculum,G. ultimum var. ultimum,na,BMDI,12,4,1,1,1,0,10,174.99,0.0471,
102,,CML103,12,rep4,17PR016B.1,6gInoculum,G. ultimum var. ultimum,na,BMDI,13,5,1,1,1,0,0,171.64,0.0746,
108,,CML103,12,rep4,17PR016B.1,6gInoculum,G. ultimum var. ultimum,na,BMDI,14,5,0,0,0,0,100,0,0,
119,,CML103,12,rep4,17PR016B.1,6gInoculum,G. ultimum var. ultimum,na,BMDI,15,5,1,0,1,0,95,1.84,0,
127,,CML103,12,rep4,17PR016B.1,6gInoculum,G. ultimum var. ultimum,na,BMDI,16,6,0,0,0,0,100,0,0,
136,,CML103,12,rep4,17PR016B.1,6gInoculum,G. ultimum var. ultimum,na,BMDI,17,6,1,1,1,0,5,193.27,0.1042,
144,,CML103,12,rep4,17PR016B.1,6gInoculum,G. ultimum var. ultimum,na,BMDI,18,6,1,1,1,0,65,92.98,0.0262,
8,,CML277,12,rep4,control,MockInoc,control,na,BMDI,1,1,0,0,0,0,100,0,0,
12,,CML277,12,rep4,control,MockInoc,control,na,BMDI,2,1,0,0,0,0,100,0,0,
20,,CML277,12,rep4,control,MockInoc,control,na,BMDI,3,1,0,0,0,0,100,0,0,
27,,CML277,12,rep4,control,MockInoc,control,na,BMDI,4,2,0,0,0,0,100,0,0,
35,,CML277,12,rep4,control,MockInoc,control,na,BMDI,5,2,0,0,0,0,100,0,0,
48,,CML277,12,rep4,control,MockInoc,control,na,BMDI,6,2,0,0,0,0,100,0,0,
50,,CML277,12,rep4,control,MockInoc,control,na,BMDI,7,3,0,0,0,0,100,0,0,
60,,CML277,12,rep4,control,MockInoc,control,na,BMDI,8,3,0,0,0,0,100,0,0,
72,,CML277,12,rep4,control,MockInoc,control,na,BMDI,9,3,0,0,0,0,100,0,0,
77,,CML277,12,rep4,17PR016B.1,6gInoculum,G. ultimum var. ultimum,na,BMDI,10,4,0,0,0,0,100,0,0,
82,,CML277,12,rep4,17PR016B.1,6gInoculum,G. ultimum var. ultimum,na,BMDI,11,4,0,0,0,0,100,0,0,
96,,CML277,12,rep4,17PR016B.1,6gInoculum,G. ultimum var. ultimum,na,BMDI,12,4,0,0,0,0,100,0,0,
103,,CML277,12,rep4,17PR016B.1,6gInoculum,G. ultimum var. ultimum,na,BMDI,13,5,0,0,0,0,100,0,0,
109,,CML277,12,rep4,17PR016B.1,6gInoculum,G. ultimum var. ultimum,na,BMDI,14,5,0,0,0,0,100,0,0,
120,,CML277,12,rep4,17PR016B.1,6gInoculum,G. ultimum var. ultimum,na,BMDI,15,5,0,0,0,0,100,0,0,
126,,CML277,12,rep4,17PR016B.1,6gInoculum,G. ultimum var. ultimum,na,BMDI,16,6,0,0,0,0,100,0,0,
133,,CML277,12,rep4,17PR016B.1,6gInoculum,G. ultimum var. ultimum,na,BMDI,17,6,0,0,0,0,100,0,0,
141,,CML277,12,rep4,17PR016B.1,6gInoculum,G. ultimum var. ultimum,na,BMDI,18,6,0,0,0,0,100,0,0,
5,,CML333,12,rep4,control,MockInoc,control,na,BMDI,1,1,0,0,0,0,100,0,0,
15,,CML333,12,rep4,control,MockInoc,control,na,BMDI,2,1,1,0,1,0,5,186.5,0.0829,
22,,CML333,12,rep4,control,MockInoc,control,na,BMDI,3,1,1,1,1,0,0,186.98,0.1304,
32,,CML333,12,rep4,control,MockInoc,control,na,BMDI,4,2,1,0,1,0,0,174.45,0.0602,
38,,CML333,12,rep4,control,MockInoc,control,na,BMDI,5,2,1,1,1,0,0,196.24,0.1511,
45,,CML333,12,rep4,control,MockInoc,control,na,BMDI,6,2,0,0,0,0,100,0,0,
51,,CML333,12,rep4,control,MockInoc,control,na,BMDI,7,3,1,0,1,0,5,189.61,0.0376,
63,,CML333,12,rep4,control,MockInoc,control,na,BMDI,8,3,1,1,1,0,0,187.73,0.1251,
68,,CML333,12,rep4,control,MockInoc,control,na,BMDI,9,3,1,1,1,0,0,177.01,0.0824,
75,,CML333,12,rep4,17PR016B.1,6gInoculum,G. ultimum var. ultimum,na,BMDI,10,4,1,1,1,0,60,125.56,0.0315,
87,,CML333,12,rep4,17PR016B.1,6gInoculum,G. ultimum var. ultimum,na,BMDI,11,4,1,1,1,0,80,73.25,0.0241,
90,,CML333,12,rep4,17PR016B.1,6gInoculum,G. ultimum var. ultimum,na,BMDI,12,4,1,1,1,0,5,213.81,0.0587,
100,,CML333,12,rep4,17PR016B.1,6gInoculum,G. ultimum var. ultimum,na,BMDI,13,5,1,1,1,0,60,114.4,0.0738,
107,,CML333,12,rep4,17PR016B.1,6gInoculum,G. ultimum var. ultimum,na,BMDI,14,5,1,1,1,0,5,191.39,0.0445,
113,,CML333,12,rep4,17PR016B.1,6gInoculum,G. ultimum var. ultimum,na,BMDI,15,5,1,1,1,0,5,188,0.0961,
122,,CML333,12,rep4,17PR016B.1,6gInoculum,G. ultimum var. ultimum,na,BMDI,16,6,1,1,1,0,10,190.1,0.0936,
130,,CML333,12,rep4,17PR016B.1,6gInoculum,G. ultimum var. ultimum,na,BMDI,17,6,0,0,0,0,100,0,0,
137,,CML333,12,rep4,17PR016B.1,6gInoculum,G. ultimum var. ultimum,na,BMDI,18,6,1,1,1,0,50,85.16,0.0411,
7,,H100,12,rep4,control,MockInoc,control,na,BMDI,1,1,1,1,1,0,0,189.19,0.1177,
13,,H100,12,rep4,control,MockInoc,control,na,BMDI,2,1,1,1,1,0,0,149.34,0.0601,
19,,H100,12,rep4,control,MockInoc,control,na,BMDI,3,1,1,1,1,0,5,175.49,0.0908,
29,,H100,12,rep4,control,MockInoc,control,na,BMDI,4,2,1,1,1,0,0,179.35,0.0737,
36,,H100,12,rep4,control,MockInoc,control,na,BMDI,5,2,1,1,1,0,15,186.81,0.0627,
47,,H100,12,rep4,control,MockInoc,control,na,BMDI,6,2,1,1,1,0,5,146.96,0.1036,
55,,H100,12,rep4,control,MockInoc,control,na,BMDI,7,3,0,0,0,0,100,0,0,
64,,H100,12,rep4,control,MockInoc,control,na,BMDI,8,3,1,0,1,0,5,182.51,0.0599,
66,,H100,12,rep4,control,MockInoc,control,na,BMDI,9,3,1,1,1,0,5,171.69,0.0835,
79,,H100,12,rep4,17PR016B.1,6gInoculum,G. ultimum var. ultimum,na,BMDI,10,4,0,0,0,0,100,0,0,
81,,H100,12,rep4,17PR016B.1,6gInoculum,G. ultimum var. ultimum,na,BMDI,11,4,0,0,0,0,100,0,0,
95,,H100,12,rep4,17PR016B.1,6gInoculum,G. ultimum var. ultimum,na,BMDI,12,4,1,1,1,0,5,182.36,0.1057,
97,,H100,12,rep4,17PR016B.1,6gInoculum,G. ultimum var. ultimum,na,BMDI,13,5,1,1,1,0,65,138,0.0768,
105,,H100,12,rep4,17PR016B.1,6gInoculum,G. ultimum var. ultimum,na,BMDI,14,5,1,1,1,0,65,128.87,0.0794,
118,,H100,12,rep4,17PR016B.1,6gInoculum,G. ultimum var. ultimum,na,BMDI,15,5,1,1,1,0,10,175.17,0.0609,
123,,H100,12,rep4,17PR016B.1,6gInoculum,G. ultimum var. ultimum,na,BMDI,16,6,1,1,1,0,0,180.38,0.1068,
134,,H100,12,rep4,17PR016B.1,6gInoculum,G. ultimum var. ultimum,na,BMDI,17,6,1,1,1,0,55,140.17,0.0592,
139,,H100,12,rep4,17PR016B.1,6gInoculum,G. ultimum var. ultimum,na,BMDI,18,6,1,1,1,0,5,181.72,0.0766,
3,,Il14H,12,rep4,control,MockInoc,control,na,BMDI,1,1,0,0,0,0,100,0,0,
11,,Il14H,12,rep4,control,MockInoc,control,na,BMDI,2,1,0,0,0,0,100,0,0,
17,,Il14H,12,rep4,control,MockInoc,control,na,BMDI,3,1,1,0,1,0,0,194.44,0.0184,
31,,Il14H,12,rep4,control,MockInoc,control,na,BMDI,4,2,0,0,0,0,100,0,0,
34,,Il14H,12,rep4,control,MockInoc,control,na,BMDI,5,2,0,0,0,0,100,0,0,
46,,Il14H,12,rep4,control,MockInoc,control,na,BMDI,6,2,0,0,0,0,100,0,0,
53,,Il14H,12,rep4,control,MockInoc,control,na,BMDI,7,3,0,0,0,0,100,0,0,
61,,Il14H,12,rep4,control,MockInoc,control,na,BMDI,8,3,0,0,0,0,100,0,0,
65,,Il14H,12,rep4,control,MockInoc,control,na,BMDI,9,3,0,0,0,0,100,0,0,
74,,Il14H,12,rep4,17PR016B.1,6gInoculum,G. ultimum var. ultimum,na,BMDI,10,4,0,0,0,0,100,0,0,
84,,Il14H,12,rep4,17PR016B.1,6gInoculum,G. ultimum var. ultimum,na,BMDI,11,4,0,0,0,0,100,0,0,
89,,Il14H,12,rep4,17PR016B.1,6gInoculum,G. ultimum var. ultimum,na,BMDI,12,4,0,0,0,0,100,0,0,
104,,Il14H,12,rep4,17PR016B.1,6gInoculum,G. ultimum var. ultimum,na,BMDI,13,5,1,1,1,1,0,175.25,0.0486,
110,,Il14H,12,rep4,17PR016B.1,6gInoculum,G. ultimum var. ultimum,na,BMDI,14,5,0,0,0,0,100,0,0,
115,,Il14H,12,rep4,17PR016B.1,6gInoculum,G. ultimum var. ultimum,na,BMDI,15,5,0,0,0,0,100,0,0,
125,,Il14H,12,rep4,17PR016B.1,6gInoculum,G. ultimum var. ultimum,na,BMDI,16,6,1,1,1,1,50,142.42,0.0382,
131,,Il14H,12,rep4,17PR016B.1,6gInoculum,G. ultimum var. ultimum,na,BMDI,17,6,0,0,0,0,100,0,0,
140,,Il14H,12,rep4,17PR016B.1,6gInoculum,G. ultimum var. ultimum,na,BMDI,18,6,0,0,0,0,100,0,0,
6,,NC344,12,rep4,control,MockInoc,control,na,BMDI,1,1,1,1,1,1,0,189.97,0.1235,
9,,NC344,12,rep4,control,MockInoc,control,na,BMDI,2,1,0,0,0,0,100,0,0,
18,,NC344,12,rep4,control,MockInoc,control,na,BMDI,3,1,0,0,0,0,100,0,0,
30,,NC344,12,rep4,control,MockInoc,control,na,BMDI,4,2,0,0,0,0,100,0,0,
37,,NC344,12,rep4,control,MockInoc,control,na,BMDI,5,2,0,0,0,0,100,0,0,
41,,NC344,12,rep4,control,MockInoc,control,na,BMDI,6,2,1,1,1,0,0,168.75,0.072,
49,,NC344,12,rep4,control,MockInoc,control,na,BMDI,7,3,1,1,1,0,5,187.88,0.0651,
58,,NC344,12,rep4,control,MockInoc,control,na,BMDI,8,3,1,1,1,0,0,204.67,0.0606,
70,,NC344,12,rep4,control,MockInoc,control,na,BMDI,9,3,1,1,1,0,0,166.08,0.0685,
80,,NC344,12,rep4,17PR016B.1,6gInoculum,G. ultimum var. ultimum,na,BMDI,10,4,1,1,1,0,20,144.52,0.0801,
88,,NC344,12,rep4,17PR016B.1,6gInoculum,G. ultimum var. ultimum,na,BMDI,11,4,1,1,1,0,25,132.26,0.0573,
91,,NC344,12,rep4,17PR016B.1,6gInoculum,G. ultimum var. ultimum,na,BMDI,12,4,1,1,1,0,10,176.99,0.0553,
98,,NC344,12,rep4,17PR016B.1,6gInoculum,G. ultimum var. ultimum,na,BMDI,13,5,1,1,1,0,40,151.69,0.0303,
106,,NC344,12,rep4,17PR016B.1,6gInoculum,G. ultimum var. ultimum,na,BMDI,14,5,0,0,0,0,100,0,0,
114,,NC344,12,rep4,17PR016B.1,6gInoculum,G. ultimum var. ultimum,na,BMDI,15,5,0,0,0,0,100,0,0,
128,,NC344,12,rep4,17PR016B.1,6gInoculum,G. ultimum var. ultimum,na,BMDI,16,6,1,1,1,0,80,186.82,0.035,
129,,NC344,12,rep4,17PR016B.1,6gInoculum,G. ultimum var. ultimum,na,BMDI,17,6,1,0,1,0,90,51.8,0.0222,
143,,NC344,12,rep4,17PR016B.1,6gInoculum,G. ultimum var. ultimum,na,BMDI,18,6,0,0,0,0,100,0,0,
1,,Oh7B,12,rep4,control,MockInoc,control,na,BMDI,1,1,1,0,1,0,50,158.94,0.0315,
10,,Oh7B,12,rep4,control,MockInoc,control,na,BMDI,2,1,0,0,0,0,100,0,0,
21,,Oh7B,12,rep4,control,MockInoc,control,na,BMDI,3,1,1,1,1,0,5,165.8,0.0853,
25,,Oh7B,12,rep4,control,MockInoc,control,na,BMDI,4,2,0,0,0,0,100,0,0,
39,,Oh7B,12,rep4,control,MockInoc,control,na,BMDI,5,2,0,0,0,0,100,0,0,
44,,Oh7B,12,rep4,control,MockInoc,control,na,BMDI,6,2,1,1,1,0,5,197.84,0.0762,
56,,Oh7B,12,rep4,control,MockInoc,control,na,BMDI,7,3,0,0,0,0,100,0,0,
57,,Oh7B,12,rep4,control,MockInoc,control,na,BMDI,8,3,0,0,0,0,100,0,0,
67,,Oh7B,12,rep4,control,MockInoc,control,na,BMDI,9,3,1,1,1,0,0,206.34,0.0828,
76,,Oh7B,12,rep4,17PR016B.1,6gInoculum,G. ultimum var. ultimum,na,BMDI,10,4,1,1,1,0,30,103.65,0.0457,
85,,Oh7B,12,rep4,17PR016B.1,6gInoculum,G. ultimum var. ultimum,na,BMDI,11,4,1,0,1,0,75,47,0.0326,
93,,Oh7B,12,rep4,17PR016B.1,6gInoculum,G. ultimum var. ultimum,na,BMDI,12,4,1,1,1,0,0,180.08,0.1144,
99,,Oh7B,12,rep4,17PR016B.1,6gInoculum,G. ultimum var. ultimum,na,BMDI,13,5,1,1,1,0,15,152.88,0.0881,
111,,Oh7B,12,rep4,17PR016B.1,6gInoculum,G. ultimum var. ultimum,na,BMDI,14,5,0,0,0,0,100,0,0,
116,,Oh7B,12,rep4,17PR016B.1,6gInoculum,G. ultimum var. ultimum,na,BMDI,15,5,0,0,0,0,100,0,0,
124,,Oh7B,12,rep4,17PR016B.1,6gInoculum,G. ultimum var. ultimum,na,BMDI,16,6,0,0,0,0,100,0,0,
135,,Oh7B,12,rep4,17PR016B.1,6gInoculum,G. ultimum var. ultimum,na,BMDI,17,6,1,0,1,0,70,102.43,0.0374,
138,,Oh7B,12,rep4,17PR016B.1,6gInoculum,G. ultimum var. ultimum,na,BMDI,18,6,0,0,0,0,100,0,0,
