Seed_ID,Packet_ID,pedigree,DPI,repetition,isolate,inocMethod,isolateSpecies,agarType,soilType,seedNum,block,germinated,escape,lesionPercent,rootLength,rootMass,averageInocLength,averageInocMass,averageLengthPedigreeByIsolate,averageMassPedigreeByIsolate,percentLengthPedByIsolate,percentMassPedByIsolate,notes,averageDiseasePerSpeciesPerLine,diseasePercentStd
37,,B73,14,rep1,Ga,sandcornmeal,G.aphanidermatum,na,BM2,5,3,1,0,85,137.32,0.0223,126.6930556,0.078227778,34.33,0.005575,0.697914946,0.19408181,,96.25,2567%
46,,B73,14,rep1,Ga,sandcornmeal,G.aphanidermatum,na,BM2,6,3,0,0,100,0,0,126.6930556,0.078227778,34.33,0.005575,0,0,dead,96.25,2567%
111,,B73,14,rep1,Ga,sandcornmeal,G.aphanidermatum,na,BM2,13,7,0,0,100,0,0,126.6930556,0.078227778,34.33,0.005575,0,0,dead,96.25,2567%
123,,B73,14,rep1,Ga,sandcornmeal,G.aphanidermatum,na,BM2,14,7,0,0,100,0,0,126.6930556,0.078227778,34.33,0.005575,0,0,dead,96.25,2567%
20,,B73,14,rep1,Gi,sandcornmeal,G.irregulare,na,BM2,3,2,1,0,5,225.55,0.0802,132.8997222,0.059366667,168.3975,0.07165,1.146334955,0.697998259,,28.75,767%
32,,B73,14,rep1,Gi,sandcornmeal,G.irregulare,na,BM2,4,2,0,0,100,0,0,132.8997222,0.059366667,168.3975,0.07165,0,0,dead,28.75,767%
93,,B73,14,rep1,Gi,sandcornmeal,G.irregulare,na,BM2,11,6,1,0,5,205.9,0.1136,132.8997222,0.059366667,168.3975,0.07165,1.046465827,0.988685814,,28.75,767%
106,,B73,14,rep1,Gi,sandcornmeal,G.irregulare,na,BM2,12,6,1,0,5,242.14,0.0928,132.8997222,0.059366667,168.3975,0.07165,1.230651945,0.807658834,,28.75,767%
1,,B73,14,rep1,Guu,sandcornmeal,G.ultimumvar.ultimum,na,BM2,1,1,0,0,100,0,0,112.5464706,0.05155,93.5725,0.051725,0,0,dead,53.75,1433%
12,,B73,14,rep1,Guu,sandcornmeal,G.ultimumvar.ultimum,na,BM2,2,1,0,0,100,0,0,112.5464706,0.05155,93.5725,0.051725,0,0,dead,53.75,1433%
73,,B73,14,rep1,Guu,sandcornmeal,G.ultimumvar.ultimum,na,BM2,9,5,1,0,15,185.78,0.0879,112.5464706,0.05155,93.5725,0.051725,0.944207972,0.765013055,,53.75,1433%
85,,B73,14,rep1,Guu,sandcornmeal,G.ultimumvar.ultimum,na,BM2,10,5,1,0,0,188.51,0.119,112.5464706,0.05155,93.5725,0.051725,0.958082919,1.035683203,,53.75,1433%
59,,B73,14,rep1,Standards,MockInoc,control,na,BM2,7,4,1,0,5,208.01,0.0969,148.7713889,0.069019444,196.7575,0.1149,1.057189688,0.843342037,,3.75,100%
66,,B73,14,rep1,Standards,MockInoc,control,na,BM2,8,4,1,0,0,180.47,0.1515,148.7713889,0.069019444,196.7575,0.1149,0.917220436,1.318537859,,3.75,100%
127,,B73,14,rep1,Standards,MockInoc,control,na,BM2,15,8,1,0,5,201.31,0.1032,148.7713889,0.069019444,196.7575,0.1149,1.023137619,0.898172324,,3.75,100%
142,,B73,14,rep1,Standards,MockInoc,control,na,BM2,16,8,1,0,5,197.24,0.108,148.7713889,0.069019444,196.7575,0.1149,1.002452257,0.939947781,,3.75,100%
44,,CML103,14,rep1,Ga,sandcornmeal,G.aphanidermatum,na,BM2,5,3,0,0,100,0,0,126.6930556,0.078227778,162.7425,0.133375,0,0,dead,25,100%
47,,CML103,14,rep1,Ga,sandcornmeal,G.aphanidermatum,na,BM2,6,3,1,0,0,198.47,0.2052,126.6930556,0.078227778,162.7425,0.133375,1.335958535,1.657512116,,25,100%
115,,CML103,14,rep1,Ga,sandcornmeal,G.aphanidermatum,na,BM2,13,7,1,0,0,227.76,0.1592,126.6930556,0.078227778,162.7425,0.133375,1.533117932,1.285945073,,25,100%
122,,CML103,14,rep1,Ga,sandcornmeal,G.aphanidermatum,na,BM2,14,7,1,0,0,224.74,0.1691,126.6930556,0.078227778,162.7425,0.133375,1.512789445,1.365912763,,25,100%
23,,CML103,14,rep1,Gi,sandcornmeal,G.irregulare,na,BM2,3,2,0,0,100,0,0,132.8997222,0.059366667,152.9925,0.098825,0,0,dead,27.5,110%
29,,CML103,14,rep1,Gi,sandcornmeal,G.irregulare,na,BM2,4,2,1,0,0,211.18,0.1533,132.8997222,0.059366667,152.9925,0.098825,1.421513193,1.238287561,,27.5,110%
94,,CML103,14,rep1,Gi,sandcornmeal,G.irregulare,na,BM2,11,6,1,0,5,191.26,0.127,132.8997222,0.059366667,152.9925,0.098825,1.287425956,1.025848142,,27.5,110%
102,,CML103,14,rep1,Gi,sandcornmeal,G.irregulare,na,BM2,12,6,1,0,5,209.53,0.115,132.8997222,0.059366667,152.9925,0.098825,1.41040657,0.928917609,,27.5,110%
2,,CML103,14,rep1,Guu,sandcornmeal,G.ultimumvar.ultimum,na,BM2,1,1,1,0,0,193.05,0.1449,112.5464706,0.05155,182.885,0.1042,1.29947496,1.170436187,,21.25,85%
13,,CML103,14,rep1,Guu,sandcornmeal,G.ultimumvar.ultimum,na,BM2,2,1,1,0,0,178.45,0.1075,112.5464706,0.05155,182.885,0.1042,1.201198169,0.868336026,,21.25,85%
80,,CML103,14,rep1,Guu,sandcornmeal,G.ultimumvar.ultimum,na,BM2,9,5,1,0,75,169.91,0.029,112.5464706,0.05155,182.885,0.1042,1.143712978,0.234248788,,21.25,85%
84,,CML103,14,rep1,Guu,sandcornmeal,G.ultimumvar.ultimum,na,BM2,10,5,1,0,10,190.13,0.1354,112.5464706,0.05155,182.885,0.1042,1.279819602,1.093699515,,21.25,85%
56,,CML103,14,rep1,Standards,MockInoc,control,na,BM2,7,4,1,0,0,200.13,0.1759,148.7713889,0.069019444,148.56,0.1238,1.347132472,1.420840065,,25,100%
71,,CML103,14,rep1,Standards,MockInoc,control,na,BM2,8,4,1,0,0,199.25,0.1338,148.7713889,0.069019444,148.56,0.1238,1.341208939,1.080775444,,25,100%
132,,CML103,14,rep1,Standards,MockInoc,control,na,BM2,15,8,1,0,0,194.86,0.1855,148.7713889,0.069019444,148.56,0.1238,1.311658589,1.498384491,,25,100%
137,,CML103,14,rep1,Standards,MockInoc,control,na,BM2,16,8,0,0,100,0,0,148.7713889,0.069019444,148.56,0.1238,0,0,dead,25,100%
43,,CML277,14,rep1,Ga,sandcornmeal,G.aphanidermatum,na,BM2,5,3,0,0,100,0,0,126.6930556,0.078227778,0,0,#DIV/0!,#DIV/0!,dead,100,100%
48,,CML277,14,rep1,Ga,sandcornmeal,G.aphanidermatum,na,BM2,6,3,0,0,100,0,0,126.6930556,0.078227778,0,0,#DIV/0!,#DIV/0!,dead,100,100%
109,,CML277,14,rep1,Ga,sandcornmeal,G.aphanidermatum,na,BM2,13,7,0,0,100,0,0,126.6930556,0.078227778,0,0,#DIV/0!,#DIV/0!,dead,100,100%
126,,CML277,14,rep1,Ga,sandcornmeal,G.aphanidermatum,na,BM2,14,7,0,0,100,0,0,126.6930556,0.078227778,0,0,#DIV/0!,#DIV/0!,dead,100,100%
27,,CML277,14,rep1,Gi,sandcornmeal,G.irregulare,na,BM2,3,2,1,0,5,219.44,0.0819,132.8997222,0.059366667,54.86,0.020475,#DIV/0!,#DIV/0!,,76.25,76%
34,,CML277,14,rep1,Gi,sandcornmeal,G.irregulare,na,BM2,4,2,0,0,100,0,0,132.8997222,0.059366667,54.86,0.020475,#DIV/0!,#DIV/0!,dead,76.25,76%
91,,CML277,14,rep1,Gi,sandcornmeal,G.irregulare,na,BM2,11,6,0,0,100,0,0,132.8997222,0.059366667,54.86,0.020475,#DIV/0!,#DIV/0!,dead,76.25,76%
103,,CML277,14,rep1,Gi,sandcornmeal,G.irregulare,na,BM2,12,6,0,0,100,0,0,132.8997222,0.059366667,54.86,0.020475,#DIV/0!,#DIV/0!,dead,76.25,76%
4,,CML277,14,rep1,Guu,sandcornmeal,G.ultimumvar.ultimum,na,BM2,1,1,0,0,100,0,0,112.5464706,0.05155,0,0,#DIV/0!,#DIV/0!,dead,100,100%
10,,CML277,14,rep1,Guu,sandcornmeal,G.ultimumvar.ultimum,na,BM2,2,1,0,0,100,0,0,112.5464706,0.05155,0,0,#DIV/0!,#DIV/0!,dead,100,100%
76,,CML277,14,rep1,Guu,sandcornmeal,G.ultimumvar.ultimum,na,BM2,9,5,0,0,100,0,0,112.5464706,0.05155,0,0,#DIV/0!,#DIV/0!,dead,100,100%
90,,CML277,14,rep1,Guu,sandcornmeal,G.ultimumvar.ultimum,na,BM2,10,5,0,0,100,0,0,112.5464706,0.05155,0,0,#DIV/0!,#DIV/0!,dead,100,100%
62,,CML277,14,rep1,Standards,MockInoc,control,na,BM2,7,4,0,0,100,0,0,148.7713889,0.069019444,0,0,#DIV/0!,#DIV/0!,dead,100,100%
69,,CML277,14,rep1,Standards,MockInoc,control,na,BM2,8,4,0,0,100,0,0,148.7713889,0.069019444,0,0,#DIV/0!,#DIV/0!,dead,100,100%
129,,CML277,14,rep1,Standards,MockInoc,control,na,BM2,15,8,0,0,100,0,0,148.7713889,0.069019444,0,0,#DIV/0!,#DIV/0!,dead,100,100%
138,,CML277,14,rep1,Standards,MockInoc,control,na,BM2,16,8,0,0,100,0,0,148.7713889,0.069019444,0,0,#DIV/0!,#DIV/0!,dead,100,100%
40,,CML333,14,rep1,Ga,sandcornmeal,G.aphanidermatum,na,BM2,5,3,0,0,100,0,0,126.6930556,0.078227778,108.735,0.05,0,0,dead,53.75,239%
52,,CML333,14,rep1,Ga,sandcornmeal,G.aphanidermatum,na,BM2,6,3,1,0,5,218.96,0.1278,126.6930556,0.078227778,108.735,0.05,1.030812325,1.748888129,,53.75,239%
116,,CML333,14,rep1,Ga,sandcornmeal,G.aphanidermatum,na,BM2,13,7,0,0,100,0,0,126.6930556,0.078227778,108.735,0.05,0,0,dead,53.75,239%
120,,CML333,14,rep1,Ga,sandcornmeal,G.aphanidermatum,na,BM2,14,7,1,0,10,215.98,0.0722,126.6930556,0.078227778,108.735,0.05,1.016783184,0.988026001,,53.75,239%
19,,CML333,14,rep1,Gi,sandcornmeal,G.irregulare,na,BM2,3,2,1,0,15,230.91,0.0919,132.8997222,0.059366667,230.95,0.08565,1.087070122,1.257612042,,12.5,56%
36,,CML333,14,rep1,Gi,sandcornmeal,G.irregulare,na,BM2,4,2,1,0,20,241.84,0.1046,132.8997222,0.059366667,230.95,0.08565,1.138525999,1.43140609,,12.5,56%
97,,CML333,14,rep1,Gi,sandcornmeal,G.irregulare,na,BM2,11,6,1,0,0,213.87,0.0641,132.8997222,0.059366667,230.95,0.08565,1.006849799,0.877180978,,12.5,56%
107,,CML333,14,rep1,Gi,sandcornmeal,G.irregulare,na,BM2,12,6,1,0,15,237.18,0.082,132.8997222,0.059366667,230.95,0.08565,1.116587812,1.122134793,,12.5,56%
9,,CML333,14,rep1,Guu,sandcornmeal,G.ultimumvar.ultimum,na,BM2,1,1,1,0,10,208.23,0.0868,112.5464706,0.05155,198.2875,0.090025,0.980298002,1.187820732,,10,44%
16,,CML333,14,rep1,Guu,sandcornmeal,G.ultimumvar.ultimum,na,BM2,2,1,1,0,5,191.12,0.0789,112.5464706,0.05155,198.2875,0.090025,0.899748135,1.079712624,,10,44%
78,,CML333,14,rep1,Guu,sandcornmeal,G.ultimumvar.ultimum,na,BM2,9,5,1,0,25,219.7,0.1045,112.5464706,0.05155,198.2875,0.090025,1.034296071,1.430037633,,10,44%
82,,CML333,14,rep1,Guu,sandcornmeal,G.ultimumvar.ultimum,na,BM2,10,5,1,0,0,174.1,0.0899,112.5464706,0.05155,198.2875,0.090025,0.819621966,1.230242901,,10,44%
55,,CML333,14,rep1,Standards,MockInoc,control,na,BM2,7,4,1,0,25,216,0.0545,148.7713889,0.069019444,212.415,0.073075,1.016877339,0.7458091,,22.5,100%
72,,CML333,14,rep1,Standards,MockInoc,control,na,BM2,8,4,1,0,5,229.09,0.096,148.7713889,0.069019444,212.415,0.073075,1.078501989,1.313718782,,22.5,100%
128,,CML333,14,rep1,Standards,MockInoc,control,na,BM2,15,8,1,0,45,203.1,0.0749,148.7713889,0.069019444,212.415,0.073075,0.956147165,1.024974341,,22.5,100%
139,,CML333,14,rep1,Standards,MockInoc,control,na,BM2,16,8,1,0,15,201.47,0.0669,148.7713889,0.069019444,212.415,0.073075,0.948473507,0.915497776,,22.5,100%
42,,H100,14,rep1,Ga,sandcornmeal,G.aphanidermatum,na,BM2,5,3,1,0,10,208.57,0.158,126.6930556,0.078227778,196.185,0.12275,1.932948727,3.232736573,,6.25,14%
49,,H100,14,rep1,Ga,sandcornmeal,G.aphanidermatum,na,BM2,6,3,1,0,5,201.73,0.0627,126.6930556,0.078227778,196.185,0.12275,1.869558166,1.28286445,,6.25,14%
114,,H100,14,rep1,Ga,sandcornmeal,G.aphanidermatum,na,BM2,13,7,1,0,5,199.09,0.1256,126.6930556,0.078227778,196.185,0.12275,1.845091634,2.569820972,,6.25,14%
125,,H100,14,rep1,Ga,sandcornmeal,G.aphanidermatum,na,BM2,14,7,1,0,5,175.35,0.1447,126.6930556,0.078227778,196.185,0.12275,1.625078196,2.960613811,,6.25,14%
21,,H100,14,rep1,Gi,sandcornmeal,G.irregulare,na,BM2,3,2,1,0,15,199.94,0.0988,132.8997222,0.059366667,194.665,0.092325,1.852969116,2.021483376,,8.75,19%
28,,H100,14,rep1,Gi,sandcornmeal,G.irregulare,na,BM2,4,2,1,0,0,217.41,0.11,132.8997222,0.059366667,194.665,0.092325,2.01487454,2.250639386,,8.75,19%
96,,H100,14,rep1,Gi,sandcornmeal,G.irregulare,na,BM2,11,6,1,0,0,185.44,0.1138,132.8997222,0.059366667,194.665,0.092325,1.718588541,2.328388747,,8.75,19%
105,,H100,14,rep1,Gi,sandcornmeal,G.irregulare,na,BM2,12,6,1,0,20,175.87,0.0467,132.8997222,0.059366667,194.665,0.092325,1.629897361,0.955498721,,8.75,19%
5,,H100,14,rep1,Guu,sandcornmeal,G.ultimumvar.ultimum,na,BM2,1,1,0,0,100,0,0,112.5464706,0.05155,96.675,0.067925,0,0,dead,51.25,114%
18,,H100,14,rep1,Guu,sandcornmeal,G.ultimumvar.ultimum,na,BM2,2,1,1,0,0,203.97,0.1001,112.5464706,0.05155,96.675,0.067925,1.890317648,2.048081841,,51.25,114%
77,,H100,14,rep1,Guu,sandcornmeal,G.ultimumvar.ultimum,na,BM2,9,5,0,0,100,0,0,112.5464706,0.05155,96.675,0.067925,0,0,dead,51.25,114%
86,,H100,14,rep1,Guu,sandcornmeal,G.ultimumvar.ultimum,na,BM2,10,5,1,0,5,182.73,0.1716,112.5464706,0.05155,96.675,0.067925,1.693473274,3.510997442,,51.25,114%
58,,H100,14,rep1,Standards,MockInoc,control,na,BM2,7,4,1,0,10,169.64,0.0724,148.7713889,0.069019444,107.9025,0.048875,1.572160052,1.481329923,,45,100%
67,,H100,14,rep1,Standards,MockInoc,control,na,BM2,8,4,0,0,100,0,0,148.7713889,0.069019444,107.9025,0.048875,0,0,dead,45,100%
130,,H100,14,rep1,Standards,MockInoc,control,na,BM2,15,8,1,0,70,80.43,0.0104,148.7713889,0.069019444,107.9025,0.048875,0.745395148,0.212787724,,45,100%
144,,H100,14,rep1,Standards,MockInoc,control,na,BM2,16,8,1,0,0,181.54,0.1127,148.7713889,0.069019444,107.9025,0.048875,1.6824448,2.305882353,,45,100%
39,,Ms71,14,rep1,Ga,sandcornmeal,G.aphanidermatum,na,BM2,5,3,0,0,100,0,0,126.6930556,0.078227778,0,0,0,0,dead,100,421%
53,,Ms71,14,rep1,Ga,sandcornmeal,G.aphanidermatum,na,BM2,6,3,0,0,100,0,0,126.6930556,0.078227778,0,0,0,0,dead,100,421%
117,,Ms71,14,rep1,Ga,sandcornmeal,G.aphanidermatum,na,BM2,13,7,0,0,100,0,0,126.6930556,0.078227778,0,0,0,0,dead,100,421%
124,,Ms71,14,rep1,Ga,sandcornmeal,G.aphanidermatum,na,BM2,14,7,0,0,100,0,0,126.6930556,0.078227778,0,0,0,0,dead,100,421%
25,,Ms71,14,rep1,Gi,sandcornmeal,G.irregulare,na,BM2,3,2,1,0,5,225.34,0.0932,132.8997222,0.059366667,212.24,0.078325,1.165255388,1.033832501,,7.5,32%
33,,Ms71,14,rep1,Gi,sandcornmeal,G.irregulare,na,BM2,4,2,1,0,10,222.34,0.0898,132.8997222,0.059366667,212.24,0.078325,1.149742091,0.996117582,,7.5,32%
92,,Ms71,14,rep1,Gi,sandcornmeal,G.irregulare,na,BM2,11,6,1,0,5,209.75,0.0778,132.8997222,0.059366667,212.24,0.078325,1.084637958,0.863006101,,7.5,32%
101,,Ms71,14,rep1,Gi,sandcornmeal,G.irregulare,na,BM2,12,6,1,0,10,191.53,0.0525,132.8997222,0.059366667,212.24,0.078325,0.99042054,0.582362729,,7.5,32%
8,,Ms71,14,rep1,Guu,sandcornmeal,G.ultimumvar.ultimum,na,BM2,1,1,0,0,100,0,0,112.5464706,0.05155,103.205,0.0465,0,0,dead,52.5,221%
11,,Ms71,14,rep1,Guu,sandcornmeal,G.ultimumvar.ultimum,na,BM2,2,1,1,1,na,,,112.5464706,0.05155,103.205,0.0465,0,0,albino,52.5,221%
79,,Ms71,14,rep1,Guu,sandcornmeal,G.ultimumvar.ultimum,na,BM2,9,5,1,1,na,,,112.5464706,0.05155,103.205,0.0465,0,0,albino,52.5,221%
89,,Ms71,14,rep1,Guu,sandcornmeal,G.ultimumvar.ultimum,na,BM2,10,5,1,0,5,206.41,0.093,112.5464706,0.05155,103.205,0.0465,1.067366489,1.031613977,,52.5,221%
61,,Ms71,14,rep1,Standards,MockInoc,control,na,BM2,7,4,1,0,30,197.97,0.065,148.7713889,0.069019444,193.3825,0.09015,1.023722415,0.721020521,,23.75,100%
70,,Ms71,14,rep1,Standards,MockInoc,control,na,BM2,8,4,1,0,0,196.77,0.1082,148.7713889,0.069019444,193.3825,0.09015,1.017517097,1.200221852,,23.75,100%
133,,Ms71,14,rep1,Standards,MockInoc,control,na,BM2,15,8,1,0,60,176.35,0.0909,148.7713889,0.069019444,193.3825,0.09015,0.911923261,1.008319468,,23.75,100%
140,,Ms71,14,rep1,Standards,MockInoc,control,na,BM2,16,8,1,0,5,202.44,0.0965,148.7713889,0.069019444,193.3825,0.09015,1.046837227,1.070438159,,23.75,100%
38,,NC304,14,rep1,Ga,sandcornmeal,G.aphanidermatum,na,BM2,5,3,0,0,100,0,0,126.6930556,0.078227778,42.4725,0.01675,0,0,dead,82.5,300%
54,,NC304,14,rep1,Ga,sandcornmeal,G.aphanidermatum,na,BM2,6,3,0,0,100,0,0,126.6930556,0.078227778,42.4725,0.01675,0,0,dead,82.5,300%
113,,NC304,14,rep1,Ga,sandcornmeal,G.aphanidermatum,na,BM2,13,7,1,0,30,169.89,0.067,126.6930556,0.078227778,42.4725,0.01675,1.163949027,0.855137205,,82.5,300%
118,,NC304,14,rep1,Ga,sandcornmeal,G.aphanidermatum,na,BM2,14,7,0,0,100,0,0,126.6930556,0.078227778,42.4725,0.01675,0,0,dead,82.5,300%
26,,NC304,14,rep1,Gi,sandcornmeal,G.irregulare,na,BM2,3,2,1,0,15,213.68,0.0843,132.8997222,0.059366667,207.0875,0.08465,1.46396273,1.075941289,,13.75,50%
31,,NC304,14,rep1,Gi,sandcornmeal,G.irregulare,na,BM2,4,2,1,0,25,217.96,0.0778,132.8997222,0.059366667,207.0875,0.08465,1.493285832,0.992980217,,13.75,50%
95,,NC304,14,rep1,Gi,sandcornmeal,G.irregulare,na,BM2,11,6,1,0,5,197.88,0.109,132.8997222,0.059366667,207.0875,0.08465,1.355713894,1.391193363,,13.75,50%
104,,NC304,14,rep1,Gi,sandcornmeal,G.irregulare,na,BM2,12,6,1,0,10,198.83,0.0675,132.8997222,0.059366667,207.0875,0.08465,1.362222527,0.861518826,,13.75,50%
6,,NC304,14,rep1,Guu,sandcornmeal,G.ultimumvar.ultimum,na,BM2,1,1,0,0,100,0,0,112.5464706,0.05155,45.2825,0.02825,0,0,dead,80,291%
14,,NC304,14,rep1,Guu,sandcornmeal,G.ultimumvar.ultimum,na,BM2,2,1,0,0,100,0,0,112.5464706,0.05155,45.2825,0.02825,0,0,dead,80,291%
74,,NC304,14,rep1,Guu,sandcornmeal,G.ultimumvar.ultimum,na,BM2,9,5,0,0,100,0,0,112.5464706,0.05155,45.2825,0.02825,0,0,dead,80,291%
88,,NC304,14,rep1,Guu,sandcornmeal,G.ultimumvar.ultimum,na,BM2,10,5,1,0,20,181.13,0.113,112.5464706,0.05155,45.2825,0.02825,1.240956426,1.442246331,,80,291%
60,,NC304,14,rep1,Standards,MockInoc,control,na,BM2,7,4,0,0,100,0,0,148.7713889,0.069019444,145.96,0.07835,0,0,dead,27.5,100%
65,,NC304,14,rep1,Standards,MockInoc,control,na,BM2,8,4,1,0,0,205.65,0.1239,148.7713889,0.069019444,145.96,0.07835,1.408947657,1.581365667,,27.5,100%
134,,NC304,14,rep1,Standards,MockInoc,control,na,BM2,15,8,1,0,0,169.93,0.1121,148.7713889,0.069019444,145.96,0.07835,1.164223075,1.430759413,,27.5,100%
141,,NC304,14,rep1,Standards,MockInoc,control,na,BM2,16,8,1,0,10,208.26,0.0774,148.7713889,0.069019444,145.96,0.07835,1.426829268,0.98787492,,27.5,100%
41,,NC344,14,rep1,Ga,sandcornmeal,G.aphanidermatum,na,BM2,5,3,0,0,100,0,0,126.6930556,0.078227778,51.5975,0.031375,0,0,dead,75,162%
51,,NC344,14,rep1,Ga,sandcornmeal,G.aphanidermatum,na,BM2,6,3,0,0,100,0,0,126.6930556,0.078227778,51.5975,0.031375,0,0,dead,75,162%
112,,NC344,14,rep1,Ga,sandcornmeal,G.aphanidermatum,na,BM2,13,7,1,0,0,206.39,0.1255,126.6930556,0.078227778,51.5975,0.031375,1.191404615,1.602809706,,75,162%
119,,NC344,14,rep1,Ga,sandcornmeal,G.aphanidermatum,na,BM2,14,7,0,0,100,0,0,126.6930556,0.078227778,51.5975,0.031375,0,0,dead,75,162%
24,,NC344,14,rep1,Gi,sandcornmeal,G.irregulare,na,BM2,3,2,1,0,10,199.84,0.1305,132.8997222,0.059366667,204.1075,0.12145,1.153594158,1.666666667,,6.25,14%
30,,NC344,14,rep1,Gi,sandcornmeal,G.irregulare,na,BM2,4,2,1,0,5,191.17,0.0955,132.8997222,0.059366667,204.1075,0.12145,1.103545813,1.219667944,,6.25,14%
98,,NC344,14,rep1,Gi,sandcornmeal,G.irregulare,na,BM2,11,6,1,0,10,214.43,0.1113,132.8997222,0.059366667,204.1075,0.12145,1.23781623,1.421455939,,6.25,14%
100,,NC344,14,rep1,Gi,sandcornmeal,G.irregulare,na,BM2,12,6,1,0,0,210.99,0.1485,132.8997222,0.059366667,204.1075,0.12145,1.217958524,1.896551724,,6.25,14%
3,,NC344,14,rep1,Guu,sandcornmeal,G.ultimumvar.ultimum,na,BM2,1,1,1,0,0,173.91,0.0822,112.5464706,0.05155,187.6875,0.10035,1.003910929,1.049808429,tillered,10,22%
17,,NC344,14,rep1,Guu,sandcornmeal,G.ultimumvar.ultimum,na,BM2,2,1,1,0,20,197.48,0.0801,112.5464706,0.05155,187.6875,0.10035,1.139970848,1.022988506,,10,22%
75,,NC344,14,rep1,Guu,sandcornmeal,G.ultimumvar.ultimum,na,BM2,9,5,1,0,0,189.34,0.1358,112.5464706,0.05155,187.6875,0.10035,1.092981975,1.734355045,,10,22%
87,,NC344,14,rep1,Guu,sandcornmeal,G.ultimumvar.ultimum,na,BM2,10,5,1,0,20,190.02,0.1033,112.5464706,0.05155,187.6875,0.10035,1.096907336,1.319284802,,10,22%
57,,NC344,14,rep1,Standards,MockInoc,control,na,BM2,7,4,1,0,80,166.64,0.0593,148.7713889,0.069019444,173.2325,0.0783,0.961944208,0.75734355,,46.25,100%
64,,NC344,14,rep1,Standards,MockInoc,control,na,BM2,8,4,1,0,5,147.33,0.0981,148.7713889,0.069019444,173.2325,0.0783,0.850475517,1.252873563,,46.25,100%
131,,NC344,14,rep1,Standards,MockInoc,control,na,BM2,15,8,1,0,50,181.8,0.0802,148.7713889,0.069019444,173.2325,0.0783,1.049456655,1.024265645,,46.25,100%
136,,NC344,14,rep1,Standards,MockInoc,control,na,BM2,16,8,1,0,50,197.16,0.0756,148.7713889,0.069019444,173.2325,0.0783,1.13812362,0.965517241,,46.25,100%
45,,Oh7B,14,rep1,Ga,sandcornmeal,G.aphanidermatum,na,BM2,5,3,0,0,100,0,0,126.6930556,0.078227778,0,0,0,0,dead,100,571%
50,,Oh7B,14,rep1,Ga,sandcornmeal,G.aphanidermatum,na,BM2,6,3,0,0,100,0,0,126.6930556,0.078227778,0,0,0,0,dead,100,571%
110,,Oh7B,14,rep1,Ga,sandcornmeal,G.aphanidermatum,na,BM2,13,7,0,0,100,0,0,126.6930556,0.078227778,0,0,0,0,dead,100,571%
121,,Oh7B,14,rep1,Ga,sandcornmeal,G.aphanidermatum,na,BM2,14,7,0,0,100,0,0,126.6930556,0.078227778,0,0,0,0,dead,100,571%
22,,Oh7B,14,rep1,Gi,sandcornmeal,G.irregulare,na,BM2,3,2,1,0,40,203,0.0582,132.8997222,0.059366667,200.1525,0.065375,1.146811666,0.962779156,,21.25,121%
35,,Oh7B,14,rep1,Gi,sandcornmeal,G.irregulare,na,BM2,4,2,1,0,10,216.97,0.1026,132.8997222,0.059366667,200.1525,0.065375,1.225732646,1.697270471,,21.25,121%
99,,Oh7B,14,rep1,Gi,sandcornmeal,G.irregulare,na,BM2,11,6,1,0,30,187.81,0.0513,132.8997222,0.059366667,200.1525,0.065375,1.060998517,0.848635236,,21.25,121%
108,,Oh7B,14,rep1,Gi,sandcornmeal,G.irregulare,na,BM2,12,6,1,0,5,192.83,0.0494,132.8997222,0.059366667,200.1525,0.065375,1.089358096,0.817204301,,21.25,121%
7,,Oh7B,14,rep1,Guu,sandcornmeal,G.ultimumvar.ultimum,na,BM2,1,1,1,0,10,205.19,0.0823,112.5464706,0.05155,199.1925,0.085525,1.159183673,1.361455749,,10,57%
15,,Oh7B,14,rep1,Guu,sandcornmeal,G.ultimumvar.ultimum,na,BM2,2,1,1,0,0,205.37,0.087,112.5464706,0.05155,199.1925,0.085525,1.160200551,1.439205955,,10,57%
81,,Oh7B,14,rep1,Guu,sandcornmeal,G.ultimumvar.ultimum,na,BM2,9,5,1,0,10,184.03,0.0972,112.5464706,0.05155,199.1925,0.085525,1.039644093,1.607940447,,10,57%
83,,Oh7B,14,rep1,Guu,sandcornmeal,G.ultimumvar.ultimum,na,BM2,10,5,1,0,20,202.18,0.0756,112.5464706,0.05155,199.1925,0.085525,1.142179225,1.250620347,,10,57%
63,,Oh7B,14,rep1,Standards,MockInoc,control,na,BM2,7,4,1,0,40,182.51,0.0489,148.7713889,0.069019444,177.0125,0.06045,1.031057129,0.808933002,,17.5,100%
68,,Oh7B,14,rep1,Standards,MockInoc,control,na,BM2,8,4,1,0,15,133.85,0.0439,148.7713889,0.069019444,177.0125,0.06045,0.756161288,0.726220017,,17.5,100%
135,,Oh7B,14,rep1,Standards,MockInoc,control,na,BM2,15,8,1,0,5,190.74,0.0825,148.7713889,0.069019444,177.0125,0.06045,1.07755102,1.364764268,,17.5,100%
143,,Oh7B,14,rep1,Standards,MockInoc,control,na,BM2,16,8,1,0,10,200.95,0.0665,148.7713889,0.069019444,177.0125,0.06045,1.135230563,1.100082713,,17.5,100%
