Seed_ID,Packet_ID,pedigree,DPI,repetition,isolate,inocMethod,isolateSpecies,agarType,soilType,averageTemp,averageHum,seedNum,block,germinated,escape,lesionPercent,rootLength,rootMass,averageInocLength,averageInocMass,averageLengthPedigreeByIsolate,averageMassPedigreeByIsolate,percentLengthPedByIsolate,percentMassPedByIsolate,notes,averageDiseasePerSpeciesPerLine,diseasePercentStd
172,,CML277,14,rep2,Standard,MockInoc,control,na,BM2,78.1,62.7,32,4,1,0,5,187.8,0.092,116.8521127,0.057615493,45.57125,0.0181,4.121019283,5.082872928,,76.875,0.06504065
153,,CML277,14,rep2,Standard,MockInoc,control,na,BM2,78.1,62.7,29,3,1,0,10,176.77,0.0528,116.8521127,0.057615493,45.57125,0.0181,3.878980717,2.917127072,,76.875,0.130081301
174,,Ms71,14,rep2,Standard,MockInoc,control,na,BM2,78.1,62.7,32,4,1,0,0,195.1,0.146,116.8521127,0.057615493,127.9725,0.0509625,1.524546289,2.864851607,,49.375,0
158,,CML333,14,rep2,Standard,MockInoc,control,na,BM2,78.1,62.7,30,3,1,0,0,243.96,0.0685,116.8521127,0.057615493,168.02375,0.0765375,1.451937598,0.894986118,,18.75,0
9,,Oh7B,14,rep2,Standard,MockInoc,control,na,BM2,78.1,62.7,25,1,1,0,0,194.21,0.076,116.8521127,0.057615493,140.7125,0.0382625,1.380190104,1.986278994,,41.875,0
157,,Oh7B,14,rep2,Standard,MockInoc,control,na,BM2,78.1,62.7,30,3,1,0,30,192.94,0.0319,116.8521127,0.057615493,140.7125,0.0382625,1.371164609,0.833714472,,41.875,0.71641791
164,,Oh7B,14,rep2,Standard,MockInoc,control,na,BM2,78.1,62.7,31,4,1,0,10,192.43,0.0781,116.8521127,0.057615493,140.7125,0.0382625,1.367540197,2.041163019,,41.875,0.23880597
165,,Ms71,14,rep2,Standard,MockInoc,control,na,BM2,78.1,62.7,31,4,1,0,0,174.22,0.137,116.8521127,0.057615493,127.9725,0.0509625,1.361386235,2.688251165,,49.375,0
175,,CML103,14,rep2,Standard,MockInoc,control,na,BM2,78.1,62.7,32,4,1,0,5,198.54,0.127,116.8521127,0.057615493,152.8325,0.0904125,1.299069242,1.404673026,,29.375,0.170212766
168,,NC344,14,rep2,Standard,MockInoc,control,na,BM2,78.1,62.7,31,4,1,0,5,206.88,0.16,116.8521127,0.057615493,164.49875,0.10075,1.257638736,1.58808933,,9.375,0.533333333
147,,H100,14,rep2,Standard,MockInoc,control,na,BM2,78.1,62.7,29,3,1,0,25,194.01,0.048,116.8521127,0.057615493,155.34,0.091428571,1.248937814,0.525,,15,1.666666667
20,,B73,14,rep2,Standard,MockInoc,control,na,BM2,78.1,62.7,27,2,1,0,0,204.53,0.0851,116.8521127,0.057615493,164.57375,0.0896875,1.242786289,0.948850174,,5.625,0
179,,NC304,14,rep2,Standard,MockInoc,control,na,BM2,78.1,62.7,32,4,1,0,0,176.18,0.153,116.8521127,0.057615493,143.73,0.0812625,1.225770542,1.882787263,,12.5,0
167,,CML333,14,rep2,Standard,MockInoc,control,na,BM2,78.1,62.7,31,4,1,0,0,205.42,0.127,116.8521127,0.057615493,168.02375,0.0765375,1.222565262,1.659317328,,18.75,0
170,,NC304,14,rep2,Standard,MockInoc,control,na,BM2,78.1,62.7,31,4,1,0,0,174.91,0.127,116.8521127,0.057615493,143.73,0.0812625,1.21693453,1.562836487,,12.5,0
160,,Ms71,14,rep2,Standard,MockInoc,control,na,BM2,78.1,62.7,30,3,1,1,50,153.84,0.038,116.8521127,0.057615493,127.9725,0.0509625,1.202133271,0.745646309,,49.375,1.012658228
7,,Ms71,14,rep2,Standard,MockInoc,control,na,BM2,78.1,62.7,25,1,1,1,50,153.83,0.0336,116.8521127,0.057615493,127.9725,0.0509625,1.202055129,0.659308315,,49.375,1.012658228
178,,H100,14,rep2,Standard,MockInoc,control,na,BM2,78.1,62.7,32,4,1,0,0,186.58,0.145,116.8521127,0.057615493,155.34,0.091428571,1.201107249,1.5859375,,15,0
155,,CML103,14,rep2,Standard,MockInoc,control,na,BM2,78.1,62.7,30,3,1,0,5,183.04,0.1202,116.8521127,0.057615493,152.8325,0.0904125,1.197651023,1.329462187,,29.375,0.170212766
166,,CML103,14,rep2,Standard,MockInoc,control,na,BM2,78.1,62.7,31,4,1,0,0,182.62,0.146,116.8521127,0.057615493,152.8325,0.0904125,1.194902917,1.614820959,,29.375,0
154,,NC344,14,rep2,Standard,MockInoc,control,na,BM2,78.1,62.7,30,3,1,0,0,192.71,0.1114,116.8521127,0.057615493,164.49875,0.10075,1.171498264,1.105707196,,9.375,0
169,,H100,14,rep2,Standard,MockInoc,control,na,BM2,78.1,62.7,31,4,1,0,0,179.69,0.139,116.8521127,0.057615493,155.34,0.091428571,1.156752929,1.5203125,,15,0
161,,B73,14,rep2,Standard,MockInoc,control,na,BM2,78.1,62.7,30,3,1,0,0,189.5,0.0781,116.8521127,0.057615493,164.57375,0.0896875,1.151459452,0.870801394,,5.625,0
159,,NC304,14,rep2,Standard,MockInoc,control,na,BM2,78.1,62.7,30,3,1,0,10,165.42,0.1136,116.8521127,0.057615493,143.73,0.0812625,1.150907952,1.397938779,,12.5,0.8
149,,CML333,14,rep2,Standard,MockInoc,control,na,BM2,78.1,62.7,29,3,1,0,15,189.64,0.0752,116.8521127,0.057615493,168.02375,0.0765375,1.128649968,0.982524906,,18.75,0.8
171,,B73,14,rep2,Standard,MockInoc,control,na,BM2,78.1,62.7,31,4,1,0,0,185.4,0.113,116.8521127,0.057615493,164.57375,0.0896875,1.126546609,1.259930314,,5.625,0
152,,B73,14,rep2,Standard,MockInoc,control,na,BM2,78.1,62.7,29,3,1,0,15,183.27,0.056,116.8521127,0.057615493,164.57375,0.0896875,1.113604083,0.624390244,,5.625,2.666666667
177,,NC344,14,rep2,Standard,MockInoc,control,na,BM2,78.1,62.7,32,4,1,0,0,180.8,0.1482,116.8521127,0.057615493,164.49875,0.10075,1.099096498,1.470967742,,9.375,0
148,,Oh7B,14,rep2,Standard,MockInoc,control,na,BM2,78.1,62.7,29,3,1,0,20,153.83,0.045,116.8521127,0.057615493,140.7125,0.0382625,1.093221995,1.176086246,,41.875,0.47761194
180,,B73,14,rep2,Standard,MockInoc,control,na,BM2,78.1,62.7,32,4,1,0,0,178.14,0.1758,116.8521127,0.057615493,164.57375,0.0896875,1.082432648,1.960139373,,5.625,0
145,,NC344,14,rep2,Standard,MockInoc,control,na,BM2,78.1,62.7,29,3,1,0,0,173.75,0.0638,116.8521127,0.057615493,164.49875,0.10075,1.056239029,0.63325062,,9.375,0
176,,CML333,14,rep2,Standard,MockInoc,control,na,BM2,78.1,62.7,32,4,1,0,0,173.2,0.1101,116.8521127,0.057615493,168.02375,0.0765375,1.030806657,1.438510534,,18.75,0
173,,Oh7B,14,rep2,Standard,MockInoc,control,na,BM2,78.1,62.7,32,4,1,0,30,142.99,0.045,116.8521127,0.057615493,140.7125,0.0382625,1.016185485,1.176086246,,41.875,0.71641791
34,,Ms71,14,rep2,Standard,MockInoc,control,na,BM2,78.1,62.7,28,2,1,1,50,129.64,0.02,116.8521127,0.057615493,127.9725,0.0509625,1.013030143,0.392445426,,49.375,1.012658228
146,,CML103,14,rep2,Standard,MockInoc,control,na,BM2,78.1,62.7,29,3,1,0,70,153.84,0.0388,116.8521127,0.057615493,152.8325,0.0904125,1.006592184,0.4291442,,29.375,2.382978723
10,,H100,14,rep2,Standard,MockInoc,control,na,BM2,78.1,62.7,26,1,1,0,0,153.13,0.112,116.8521127,0.057615493,155.34,0.091428571,0.985773143,1.225,,15,0
11,,CML103,14,rep2,Standard,MockInoc,control,na,BM2,78.1,62.7,26,1,1,0,40,149.71,0.087,116.8521127,0.057615493,152.8325,0.0904125,0.979569136,0.962256325,,29.375,1.361702128
25,,Ms71,14,rep2,Standard,MockInoc,control,na,BM2,78.1,62.7,27,2,1,0,70,122.24,0.013,116.8521127,0.057615493,127.9725,0.0509625,0.95520522,0.255089527,,49.375,1.417721519
8,,NC344,14,rep2,Standard,MockInoc,control,na,BM2,78.1,62.7,25,1,1,0,5,154.84,0.074,116.8521127,0.057615493,164.49875,0.10075,0.941283748,0.734491315,,9.375,0.533333333
150,,NC304,14,rep2,Standard,MockInoc,control,na,BM2,78.1,62.7,29,3,1,0,40,135.08,0.037,116.8521127,0.057615493,143.73,0.0812625,0.939817714,0.455314567,,12.5,3.2
30,,NC304,14,rep2,Standard,MockInoc,control,na,BM2,78.1,62.7,28,2,1,0,5,132.98,0.053,116.8521127,0.057615493,143.73,0.0812625,0.925206985,0.652207353,,12.5,0.4
6,,B73,14,rep2,Standard,MockInoc,control,na,BM2,78.1,62.7,25,1,1,0,0,147.9,0.081,116.8521127,0.057615493,164.57375,0.0896875,0.89868524,0.903135889,,5.625,0
33,,Oh7B,14,rep2,Standard,MockInoc,control,na,BM2,78.1,62.7,28,2,1,0,85,125.71,0.0133,116.8521127,0.057615493,140.7125,0.0382625,0.893381896,0.347598824,,41.875,2.029850746
21,,NC304,14,rep2,Standard,MockInoc,control,na,BM2,78.1,62.7,27,2,1,0,20,126.47,0.0515,116.8521127,0.057615493,143.73,0.0812625,0.879913727,0.633748654,,12.5,1.6
24,,Oh7B,14,rep2,Standard,MockInoc,control,na,BM2,78.1,62.7,27,2,1,0,60,123.59,0.0168,116.8521127,0.057615493,140.7125,0.0382625,0.878315715,0.439072199,,41.875,1.432835821
27,,CML333,14,rep2,Standard,MockInoc,control,na,BM2,78.1,62.7,27,2,1,0,25,147.17,0.0565,116.8521127,0.057615493,168.02375,0.0765375,0.875888081,0.738200229,,18.75,1.333333333
12,,NC304,14,rep2,Standard,MockInoc,control,na,BM2,78.1,62.7,26,1,1,0,15,123.97,0.054,116.8521127,0.057615493,143.73,0.0812625,0.862520003,0.664513152,,12.5,1.2
17,,NC344,14,rep2,Standard,MockInoc,control,na,BM2,78.1,62.7,26,1,1,0,0,139.48,0.108,116.8521127,0.057615493,164.49875,0.10075,0.847909179,1.071960298,,9.375,0
1,,H100,14,rep2,Standard,MockInoc,control,na,BM2,78.1,62.7,25,1,1,0,0,131.17,0.095,116.8521127,0.057615493,155.34,0.091428571,0.844405819,1.0390625,,15,0
13,,CML333,14,rep2,Standard,MockInoc,control,na,BM2,78.1,62.7,26,1,1,0,10,138.34,0.062,116.8521127,0.057615493,168.02375,0.0765375,0.823335987,0.810060428,,18.75,0.533333333
26,,NC344,14,rep2,Standard,MockInoc,control,na,BM2,78.1,62.7,27,2,1,0,60,135.05,0.062,116.8521127,0.057615493,164.49875,0.10075,0.820978883,0.615384615,,9.375,6.4
35,,NC344,14,rep2,Standard,MockInoc,control,na,BM2,78.1,62.7,28,2,1,0,5,132.48,0.0786,116.8521127,0.057615493,164.49875,0.10075,0.805355664,0.780148883,,9.375,0.533333333
3,,NC304,14,rep2,Standard,MockInoc,control,na,BM2,78.1,62.7,25,1,1,0,10,114.83,0.061,116.8521127,0.057615493,143.73,0.0812625,0.798928547,0.750653746,,12.5,0.8
19,,H100,14,rep2,Standard,MockInoc,control,na,BM2,78.1,62.7,27,2,1,0,5,123.27,0.069,116.8521127,0.057615493,155.34,0.091428571,0.793549633,0.7546875,,15,0.333333333
22,,CML103,14,rep2,Standard,MockInoc,control,na,BM2,78.1,62.7,27,2,1,0,25,120.65,0.088,116.8521127,0.057615493,152.8325,0.0904125,0.789426333,0.973316743,,29.375,0.85106383
2,,CML103,14,rep2,Standard,MockInoc,control,na,BM2,78.1,62.7,25,1,1,0,70,118.41,0.029,116.8521127,0.057615493,152.8325,0.0904125,0.774769764,0.320752108,,29.375,2.382978723
28,,H100,14,rep2,Standard,MockInoc,control,na,BM2,78.1,62.7,28,2,1,0,75,119.53,0.032,116.8521127,0.057615493,155.34,0.091428571,0.769473413,0.35,,15,5
36,,CML333,14,rep2,Standard,MockInoc,control,na,BM2,78.1,62.7,28,2,1,0,35,128.48,0.048,116.8521127,0.057615493,168.02375,0.0765375,0.764653806,0.627143557,,18.75,1.866666667
31,,CML103,14,rep2,Standard,MockInoc,control,na,BM2,78.1,62.7,28,2,1,0,20,115.85,0.0873,116.8521127,0.057615493,152.8325,0.0904125,0.7580194,0.96557445,,29.375,0.680851064
16,,Ms71,14,rep2,Standard,MockInoc,control,na,BM2,78.1,62.7,26,1,1,0,75,94.91,0.0201,116.8521127,0.057615493,127.9725,0.0509625,0.741643713,0.394407653,,49.375,1.518987342
15,,B73,14,rep2,Standard,MockInoc,control,na,BM2,78.1,62.7,26,1,1,0,0,116.15,0.077,116.8521127,0.057615493,164.57375,0.0896875,0.705762614,0.858536585,,5.625,0
4,,CML333,14,rep2,Standard,MockInoc,control,na,BM2,78.1,62.7,25,1,1,0,65,117.98,0.065,116.8521127,0.057615493,168.02375,0.0765375,0.702162641,0.8492569,,18.75,3.466666667
29,,B73,14,rep2,Standard,MockInoc,control,na,BM2,78.1,62.7,28,2,1,0,30,111.7,0.0515,116.8521127,0.057615493,164.57375,0.0896875,0.678723065,0.574216028,,5.625,5.333333333
5,,CML277,14,rep2,Standard,MockInoc,control,na,BM2,78.1,62.7,25,1,0,0,100,0,0,116.8521127,0.057615493,45.57125,0.0181,0,0,,76.875,1.300813008
14,,CML277,14,rep2,Standard,MockInoc,control,na,BM2,78.1,62.7,26,1,0,0,100,0,0,116.8521127,0.057615493,45.57125,0.0181,0,0,,76.875,1.300813008
23,,CML277,14,rep2,Standard,MockInoc,control,na,BM2,78.1,62.7,27,2,0,0,100,0,0,116.8521127,0.057615493,45.57125,0.0181,0,0,,76.875,1.300813008
32,,CML277,14,rep2,Standard,MockInoc,control,na,BM2,78.1,62.7,28,2,0,0,100,0,0,116.8521127,0.057615493,45.57125,0.0181,0,0,,76.875,1.300813008
162,,CML277,14,rep2,Standard,MockInoc,control,na,BM2,78.1,62.7,30,3,0,0,100,0,0,116.8521127,0.057615493,45.57125,0.0181,0,0,,76.875,1.300813008
163,,CML277,14,rep2,Standard,MockInoc,control,na,BM2,78.1,62.7,31,4,0,0,100,0,0,116.8521127,0.057615493,45.57125,0.0181,0,0,,76.875,1.300813008
151,,Ms71,14,rep2,Standard,MockInoc,control,na,BM2,78.1,62.7,29,3,0,0,100,0,0,116.8521127,0.057615493,127.9725,0.0509625,0,0,,49.375,2.025316456
18,,Oh7B,14,rep2,Standard,MockInoc,control,na,BM2,78.1,62.7,26,1,0,0,100,0,0,116.8521127,0.057615493,140.7125,0.0382625,0,0,,41.875,2.388059701
136,,CML277,14,rep2,G.i,sandcornmeal,G.irregulare,na,BM2,78.1,62.7,12,2,1,0,0,185.35,0.065,108.5511111,0.043136111,45.095,0.0135,4.067257317,3.591160221,,81.25,0
253,,CML277,14,rep2,G.i,sandcornmeal,G.irregulare,na,BM2,78.1,62.7,13,3,1,0,50,175.41,0.043,108.5511111,0.043136111,45.095,0.0135,3.84913734,2.375690608,,81.25,0.650406504
63,,CML103,14,rep2,G.uu,sandcornmeal,G.ultimumvar.ultimum,na,BM2,78.1,62.7,19,2,1,0,0,298.91,0.1016,107.5455556,0.043795833,157.23375,0.088575,1.955801286,1.123738421,,15.625,0
66,,Ms71,14,rep2,G.uu,sandcornmeal,G.ultimumvar.ultimum,na,BM2,78.1,62.7,20,2,1,0,0,214.15,0.065,107.5455556,0.043795833,91.3,0.035875,1.673406396,1.275447633,,57.5,0
130,,Ms71,14,rep2,G.i,sandcornmeal,G.irregulare,na,BM2,78.1,62.7,11,2,1,0,0,214.04,0.0672,108.5511111,0.043136111,61.38375,0.01515,1.672546836,1.31861663,,78.75,0
143,,Oh7B,14,rep2,G.i,sandcornmeal,G.irregulare,na,BM2,78.1,62.7,12,2,1,0,65,183.39,0.0219,108.5511111,0.043136111,84.695,0.0098625,1.303295727,0.572361973,,81.875,1.552238806
61,,NC344,14,rep2,G.uu,sandcornmeal,G.ultimumvar.ultimum,na,BM2,78.1,62.7,19,2,1,0,5,212.59,0.097,107.5455556,0.043795833,145.07125,0.0584875,1.292350246,0.962779156,,31.875,0.533333333
138,,B73,14,rep2,G.i,sandcornmeal,G.irregulare,na,BM2,78.1,62.7,12,2,1,0,15,209.19,0.0462,108.5511111,0.043136111,108.39875,0.0291375,1.271101862,0.515121951,,41.25,2.666666667
141,,NC344,14,rep2,G.i,sandcornmeal,G.irregulare,na,BM2,78.1,62.7,12,2,1,0,0,208.56,0.119,108.5511111,0.043136111,130.4675,0.0570625,1.267851579,1.181141439,,43.125,0
70,,NC344,14,rep2,G.uu,sandcornmeal,G.ultimumvar.ultimum,na,BM2,78.1,62.7,20,2,1,0,5,207.75,0.063,107.5455556,0.043795833,145.07125,0.0584875,1.26292753,0.625310174,,31.875,0.533333333
102,,NC304,14,rep2,G.a,sandcornmeal,G.aphanidermatum,na,BM2,78.1,62.7,4,2,1,0,5,176.1,0.08,103.8306944,0.044626389,142.23625,0.0568125,1.225213943,0.984463929,,25.625,0.4
133,,H100,14,rep2,G.i,sandcornmeal,G.irregulare,na,BM2,78.1,62.7,11,2,1,0,0,189.2,0.131,108.5511111,0.043136111,95.42,0.044875,1.217973478,1.4328125,,56.875,0
134,,Oh7B,14,rep2,G.i,sandcornmeal,G.irregulare,na,BM2,78.1,62.7,11,2,1,0,50,170.07,0.021,108.5511111,0.043136111,84.695,0.0098625,1.208634627,0.548840248,,81.875,1.194029851
135,,CML103,14,rep2,G.i,sandcornmeal,G.irregulare,na,BM2,78.1,62.7,11,2,1,0,10,184.33,0.1075,108.5511111,0.043136111,105.19125,0.0473625,1.206091636,1.188994885,,45,0.340425532
140,,CML333,14,rep2,G.i,sandcornmeal,G.irregulare,na,BM2,78.1,62.7,12,2,1,0,50,197.28,0.062,108.5511111,0.043136111,157.2,0.044225,1.17411973,0.810060428,,46.875,2.666666667
144,,CML103,14,rep2,G.i,sandcornmeal,G.irregulare,na,BM2,78.1,62.7,12,2,1,0,5,178.13,0.0982,108.5511111,0.043136111,105.19125,0.0473625,1.165524349,1.086133002,,45,0.170212766
57,,Ms71,14,rep2,G.uu,sandcornmeal,G.ultimumvar.ultimum,na,BM2,78.1,62.7,19,2,1,0,50,148.81,0.044,107.5455556,0.043795833,91.3,0.035875,1.162827951,0.863379936,,57.5,1.012658228
128,,NC304,14,rep2,G.i,sandcornmeal,G.irregulare,na,BM2,78.1,62.7,11,2,1,0,15,166.84,0.046,108.5511111,0.043136111,90.57625,0.0262375,1.160787588,0.566066759,,56.25,1.2
132,,NC344,14,rep2,G.i,sandcornmeal,G.irregulare,na,BM2,78.1,62.7,11,2,1,0,0,190.72,0.147,108.5511111,0.043136111,130.4675,0.0570625,1.159400907,1.459057072,,43.125,0
55,,CML333,14,rep2,G.uu,sandcornmeal,G.ultimumvar.ultimum,na,BM2,78.1,62.7,19,2,1,0,0,180.35,0.0675,107.5455556,0.043795833,156.1375,0.0743125,1.073360165,0.881920627,,14.375,0
131,,CML333,14,rep2,G.i,sandcornmeal,G.irregulare,na,BM2,78.1,62.7,11,2,1,0,15,178.32,0.065,108.5511111,0.043136111,157.2,0.044225,1.061278539,0.8492569,,46.875,0.8
59,,B73,14,rep2,G.uu,sandcornmeal,G.ultimumvar.ultimum,na,BM2,78.1,62.7,19,2,1,0,0,174.53,0.056,107.5455556,0.043795833,115.365,0.05345,1.060497194,0.624390244,,38.125,0
93,,NC304,14,rep2,G.a,sandcornmeal,G.aphanidermatum,na,BM2,78.1,62.7,3,2,1,0,10,151.66,0.039,103.8306944,0.044626389,142.23625,0.0568125,1.055172894,0.479926165,,25.625,0.8
142,,H100,14,rep2,G.i,sandcornmeal,G.irregulare,na,BM2,78.1,62.7,12,2,1,0,50,160.26,0.0278,108.5511111,0.043136111,95.42,0.044875,1.03167246,0.3040625,,56.875,3.333333333
68,,B73,14,rep2,G.uu,sandcornmeal,G.ultimumvar.ultimum,na,BM2,78.1,62.7,20,2,1,0,5,164.34,0.053,107.5455556,0.043795833,115.365,0.05345,0.998579664,0.590940767,,38.125,0.888888889
67,,NC304,14,rep2,G.uu,sandcornmeal,G.ultimumvar.ultimum,na,BM2,78.1,62.7,20,2,1,0,50,136.62,0.036,107.5455556,0.043795833,144.05125,0.053625,0.950532248,0.443008768,,28.75,4
64,,CML333,14,rep2,G.uu,sandcornmeal,G.ultimumvar.ultimum,na,BM2,78.1,62.7,20,2,1,0,0,151.59,0.083,107.5455556,0.043795833,156.1375,0.0743125,0.902193886,1.084435734,,14.375,0
92,,B73,14,rep2,G.a,sandcornmeal,G.aphanidermatum,na,BM2,78.1,62.7,3,2,1,0,0,146.57,0.085,103.8306944,0.044626389,61.96625,0.0423125,0.890603757,0.947735192,,63,0
65,,H100,14,rep2,G.uu,sandcornmeal,G.ultimumvar.ultimum,na,BM2,78.1,62.7,20,2,1,0,5,137.89,0.064,107.5455556,0.043795833,129.17125,0.05465,0.887665765,0.7,,43.625,0.333333333
137,,NC304,14,rep2,G.i,sandcornmeal,G.irregulare,na,BM2,78.1,62.7,12,2,1,0,45,126.3,0.0175,108.5511111,0.043136111,90.57625,0.0262375,0.878730954,0.215351484,,56.25,3.6
105,,Ms71,14,rep2,G.a,sandcornmeal,G.aphanidermatum,na,BM2,78.1,62.7,4,2,1,0,5,112.38,0.028,103.8306944,0.044626389,95.17,0.0224,0.878157417,0.549423596,,65.625,0.101265823
91,,CML103,14,rep2,G.a,sandcornmeal,G.aphanidermatum,na,BM2,78.1,62.7,3,2,1,0,25,133.7,0.028,103.8306944,0.044626389,149.405,0.0638,0.87481393,0.309691691,,26.875,0.85106383
96,,Ms71,14,rep2,G.a,sandcornmeal,G.aphanidermatum,na,BM2,78.1,62.7,3,2,1,0,95,110.55,0.0203,103.8306944,0.044626389,95.17,0.0224,0.863857469,0.398332107,,65.625,1.924050633
100,,CML103,14,rep2,G.a,sandcornmeal,G.aphanidermatum,na,BM2,78.1,62.7,4,2,1,0,0,130,0.082,103.8306944,0.044626389,149.405,0.0638,0.85060442,0.906954238,,26.875,0
103,,CML333,14,rep2,G.a,sandcornmeal,G.aphanidermatum,na,BM2,78.1,62.7,4,2,1,0,10,140.76,0.058,103.8306944,0.044626389,167.62875,0.0639375,0.837738713,0.757798465,,18.75,0.533333333
106,,NC344,14,rep2,G.a,sandcornmeal,G.aphanidermatum,na,BM2,78.1,62.7,4,2,1,0,0,131.1,0.07,103.8306944,0.044626389,121.93875,0.0702375,0.796966542,0.694789082,,31.25,0
101,,B73,14,rep2,G.a,sandcornmeal,G.aphanidermatum,na,BM2,78.1,62.7,4,2,1,0,5,126,0.069,103.8306944,0.044626389,61.96625,0.0423125,0.7656142,0.769337979,,63,0.888888889
56,,H100,14,rep2,G.uu,sandcornmeal,G.ultimumvar.ultimum,na,BM2,78.1,62.7,19,2,1,0,95,118.62,0.008,107.5455556,0.043795833,129.17125,0.05465,0.763615295,0.0875,,43.625,6.333333333
97,,NC344,14,rep2,G.a,sandcornmeal,G.aphanidermatum,na,BM2,78.1,62.7,3,2,1,0,45,120.97,0.056,103.8306944,0.044626389,121.93875,0.0702375,0.735385527,0.555831266,,31.25,4.8
72,,CML103,14,rep2,G.uu,sandcornmeal,G.ultimumvar.ultimum,na,BM2,78.1,62.7,20,2,1,0,10,102.68,0.071,107.5455556,0.043795833,157.23375,0.088575,0.671846629,0.785289645,,15.625,0.340425532
94,,CML333,14,rep2,G.a,sandcornmeal,G.aphanidermatum,na,BM2,78.1,62.7,3,2,1,0,0,111.82,0.06,103.8306944,0.044626389,167.62875,0.0639375,0.665501157,0.783929446,,18.75,0
95,,H100,14,rep2,G.a,sandcornmeal,G.aphanidermatum,na,BM2,78.1,62.7,3,2,1,0,85,95.44,0.02,103.8306944,0.044626389,80.99375,0.037625,0.614394232,0.21875,,63.125,5.666666667
129,,B73,14,rep2,G.i,sandcornmeal,G.irregulare,na,BM2,78.1,62.7,11,2,1,0,60,100.59,0.009,108.5511111,0.043136111,108.39875,0.0291375,0.611215337,0.100348432,,41.25,10.66666667
99,,CML277,14,rep2,G.a,sandcornmeal,G.aphanidermatum,na,BM2,78.1,62.7,3,2,0,0,100,0,0,103.8306944,0.044626389,0,0,0,0,,100,1.300813008
108,,CML277,14,rep2,G.a,sandcornmeal,G.aphanidermatum,na,BM2,78.1,62.7,4,2,0,0,100,0,0,103.8306944,0.044626389,0,0,0,0,,100,1.300813008
127,,CML277,14,rep2,G.i,sandcornmeal,G.irregulare,na,BM2,78.1,62.7,11,2,0,0,100,0,0,108.5511111,0.043136111,45.095,0.0135,0,0,,81.25,1.300813008
60,,CML277,14,rep2,G.uu,sandcornmeal,G.ultimumvar.ultimum,na,BM2,78.1,62.7,19,2,0,0,100,0,0,107.5455556,0.043795833,0,0,0,0,,100,1.300813008
69,,CML277,14,rep2,G.uu,sandcornmeal,G.ultimumvar.ultimum,na,BM2,78.1,62.7,20,2,0,0,100,0,0,107.5455556,0.043795833,0,0,0,0,,100,1.300813008
104,,H100,14,rep2,G.a,sandcornmeal,G.aphanidermatum,na,BM2,78.1,62.7,4,2,0,0,100,0,0,103.8306944,0.044626389,80.99375,0.037625,0,0,,63.125,6.666666667
139,,Ms71,14,rep2,G.i,sandcornmeal,G.irregulare,na,BM2,78.1,62.7,12,2,0,0,100,0,0,108.5511111,0.043136111,61.38375,0.01515,0,0,,78.75,2.025316456
58,,NC304,14,rep2,G.uu,sandcornmeal,G.ultimumvar.ultimum,na,BM2,78.1,62.7,19,2,0,0,100,0,0,107.5455556,0.043795833,144.05125,0.053625,0,0,,28.75,8
98,,Oh7B,14,rep2,G.a,sandcornmeal,G.aphanidermatum,na,BM2,78.1,62.7,3,2,0,0,100,0,0,103.8306944,0.044626389,0,0,0,0,,100,2.388059701
107,,Oh7B,14,rep2,G.a,sandcornmeal,G.aphanidermatum,na,BM2,78.1,62.7,4,2,0,0,100,0,0,103.8306944,0.044626389,0,0,0,0,,100,2.388059701
62,,Oh7B,14,rep2,G.uu,sandcornmeal,G.ultimumvar.ultimum,na,BM2,78.1,62.7,19,2,0,0,100,0,0,107.5455556,0.043795833,36.475,0.005875,0,0,,93.125,2.388059701
71,,Oh7B,14,rep2,G.uu,sandcornmeal,G.ultimumvar.ultimum,na,BM2,78.1,62.7,20,2,0,0,100,0,0,107.5455556,0.043795833,36.475,0.005875,0,0,,93.125,2.388059701
195,,Ms71,14,rep2,G.uu,sandcornmeal,G.ultimumvar.ultimum,na,BM2,78.1,62.7,22,3,1,0,0,186.95,0.092,107.5455556,0.043795833,91.3,0.035875,1.460860732,1.805248958,,57.5,0
186,,Ms71,14,rep2,G.uu,sandcornmeal,G.ultimumvar.ultimum,na,BM2,78.1,62.7,21,3,1,0,10,180.49,0.086,107.5455556,0.043795833,91.3,0.035875,1.410381137,1.68751533,,57.5,0.202531646
190,,H100,14,rep2,G.uu,sandcornmeal,G.ultimumvar.ultimum,na,BM2,78.1,62.7,22,3,1,0,0,200.33,0.113,107.5455556,0.043795833,129.17125,0.05465,1.289622763,1.2359375,,43.625,0
187,,NC304,14,rep2,G.uu,sandcornmeal,G.ultimumvar.ultimum,na,BM2,78.1,62.7,21,3,1,0,0,183.54,0.073,107.5455556,0.043795833,144.05125,0.053625,1.276977666,0.898323335,,28.75,0
196,,NC304,14,rep2,G.uu,sandcornmeal,G.ultimumvar.ultimum,na,BM2,78.1,62.7,22,3,1,0,10,181.55,0.067,107.5455556,0.043795833,144.05125,0.053625,1.263132262,0.82448854,,28.75,0.8
183,,NC344,14,rep2,G.uu,sandcornmeal,G.ultimumvar.ultimum,na,BM2,78.1,62.7,21,3,1,0,0,200.39,0.1199,107.5455556,0.043795833,145.07125,0.0584875,1.218185549,1.190074442,,31.875,0
181,,H100,14,rep2,G.uu,sandcornmeal,G.ultimumvar.ultimum,na,BM2,78.1,62.7,21,3,1,0,0,187.32,0.118,107.5455556,0.043795833,129.17125,0.05465,1.205870993,1.290625,,43.625,0
193,,B73,14,rep2,G.uu,sandcornmeal,G.ultimumvar.ultimum,na,BM2,78.1,62.7,22,3,1,0,0,197.64,0.106,107.5455556,0.043795833,115.365,0.05345,1.20092056,1.181881533,,38.125,0
198,,CML333,14,rep2,G.uu,sandcornmeal,G.ultimumvar.ultimum,na,BM2,78.1,62.7,22,3,1,0,5,201.29,0.078,107.5455556,0.043795833,156.1375,0.0743125,1.197985404,1.01910828,,14.375,0.266666667
185,,CML103,14,rep2,G.uu,sandcornmeal,G.ultimumvar.ultimum,na,BM2,78.1,62.7,21,3,1,0,0,175.1,0.104,107.5455556,0.043795833,157.23375,0.088575,1.145698722,1.150283423,,15.625,0
227,,H100,14,rep2,G.a,sandcornmeal,G.aphanidermatum,na,BM2,78.1,62.7,6,3,1,0,20,177.95,0.048,103.8306944,0.044626389,80.99375,0.037625,1.145551693,0.525,,63.125,1.333333333
254,,NC344,14,rep2,G.i,sandcornmeal,G.irregulare,na,BM2,78.1,62.7,13,3,1,0,0,178.9,0.083,108.5511111,0.043136111,130.4675,0.0570625,1.087546258,0.82382134,,43.125,0
234,,NC304,14,rep2,G.a,sandcornmeal,G.aphanidermatum,na,BM2,78.1,62.7,6,3,1,0,40,153.84,0.038,103.8306944,0.044626389,142.23625,0.0568125,1.070340221,0.467620366,,25.625,3.2
220,,CML333,14,rep2,G.a,sandcornmeal,G.aphanidermatum,na,BM2,78.1,62.7,5,3,1,0,20,178.37,0.038,103.8306944,0.044626389,167.62875,0.0639375,1.061576116,0.496488649,,18.75,1.066666667
257,,CML333,14,rep2,G.i,sandcornmeal,G.irregulare,na,BM2,78.1,62.7,13,3,1,0,60,177.86,0.051,108.5511111,0.043136111,157.2,0.044225,1.058540831,0.666340029,,46.875,3.2
189,,CML333,14,rep2,G.uu,sandcornmeal,G.ultimumvar.ultimum,na,BM2,78.1,62.7,21,3,1,0,0,177.44,0.115,107.5455556,0.043795833,156.1375,0.0743125,1.056041185,1.502531439,,14.375,0
225,,NC304,14,rep2,G.a,sandcornmeal,G.aphanidermatum,na,BM2,78.1,62.7,5,3,1,0,15,151.71,0.046,103.8306944,0.044626389,142.23625,0.0568125,1.055520768,0.566066759,,25.625,1.2
188,,Oh7B,14,rep2,G.uu,sandcornmeal,G.ultimumvar.ultimum,na,BM2,78.1,62.7,21,3,1,0,80,143.22,0.024,107.5455556,0.043795833,36.475,0.005875,1.017820023,0.627245998,,93.125,1.910447761
233,,NC344,14,rep2,G.a,sandcornmeal,G.aphanidermatum,na,BM2,78.1,62.7,6,3,1,0,5,164.74,0.066,103.8306944,0.044626389,121.93875,0.0702375,1.001466576,0.655086849,,31.25,0.533333333
231,,CML103,14,rep2,G.a,sandcornmeal,G.aphanidermatum,na,BM2,78.1,62.7,6,3,1,0,5,142.14,0.059,103.8306944,0.044626389,149.405,0.0638,0.930037786,0.652564634,,26.875,0.170212766
266,,CML333,14,rep2,G.i,sandcornmeal,G.irregulare,na,BM2,78.1,62.7,14,3,1,0,55,149.3,0.032,108.5511111,0.043136111,157.2,0.044225,0.888564861,0.418095705,,46.875,2.933333333
265,,Ms71,14,rep2,G.i,sandcornmeal,G.irregulare,na,BM2,78.1,62.7,14,3,1,0,85,113.14,0.023,108.5511111,0.043136111,61.38375,0.01515,0.884096193,0.451312239,,78.75,1.721518987
264,,H100,14,rep2,G.i,sandcornmeal,G.irregulare,na,BM2,78.1,62.7,14,3,1,0,75,132.11,0.04,108.5511111,0.043136111,95.42,0.044875,0.850457062,0.4375,,56.875,5
270,,B73,14,rep2,G.i,sandcornmeal,G.irregulare,na,BM2,78.1,62.7,14,3,1,0,20,136.48,0.045,108.5511111,0.043136111,108.39875,0.0291375,0.829293858,0.50174216,,41.25,3.555555556
256,,Ms71,14,rep2,G.i,sandcornmeal,G.irregulare,na,BM2,78.1,62.7,13,3,1,0,70,82.81,0.018,108.5511111,0.043136111,61.38375,0.01515,0.647092149,0.353200883,,78.75,1.417721519
229,,CML333,14,rep2,G.a,sandcornmeal,G.aphanidermatum,na,BM2,78.1,62.7,6,3,1,0,95,104.11,0.0085,103.8306944,0.044626389,167.62875,0.0639375,0.619614787,0.111056672,,18.75,5.066666667
259,,CML103,14,rep2,G.i,sandcornmeal,G.irregulare,na,BM2,78.1,62.7,13,3,1,0,40,94.64,0.028,108.5511111,0.043136111,105.19125,0.0473625,0.619240018,0.309691691,,45,1.361702128
258,,Oh7B,14,rep2,G.i,sandcornmeal,G.irregulare,na,BM2,78.1,62.7,13,3,1,0,95,80.6,0.005,108.5511111,0.043136111,84.695,0.0098625,0.572799147,0.13067625,,81.875,2.268656716
263,,NC344,14,rep2,G.i,sandcornmeal,G.irregulare,na,BM2,78.1,62.7,14,3,1,0,70,43.96,0.019,108.5511111,0.043136111,130.4675,0.0570625,0.267236073,0.188585608,,43.125,7.466666667
217,,B73,14,rep2,G.a,sandcornmeal,G.aphanidermatum,na,BM2,78.1,62.7,5,3,0,0,100,0,0,103.8306944,0.044626389,61.96625,0.0423125,0,0,,63,17.77777778
226,,B73,14,rep2,G.a,sandcornmeal,G.aphanidermatum,na,BM2,78.1,62.7,6,3,0,0,100,0,0,103.8306944,0.044626389,61.96625,0.0423125,0,0,,63,17.77777778
261,,B73,14,rep2,G.i,sandcornmeal,G.irregulare,na,BM2,78.1,62.7,13,3,0,0,100,0,0,108.5511111,0.043136111,108.39875,0.0291375,0,0,,41.25,17.77777778
184,,B73,14,rep2,G.uu,sandcornmeal,G.ultimumvar.ultimum,na,BM2,78.1,62.7,21,3,0,0,100,0,0,107.5455556,0.043795833,115.365,0.05345,0,0,,38.125,17.77777778
222,,CML103,14,rep2,G.a,sandcornmeal,G.aphanidermatum,na,BM2,78.1,62.7,5,3,0,0,100,0,0,103.8306944,0.044626389,149.405,0.0638,0,0,,26.875,3.404255319
268,,CML103,14,rep2,G.i,sandcornmeal,G.irregulare,na,BM2,78.1,62.7,14,3,0,0,100,0,0,108.5511111,0.043136111,105.19125,0.0473625,0,0,,45,3.404255319
194,,CML103,14,rep2,G.uu,sandcornmeal,G.ultimumvar.ultimum,na,BM2,78.1,62.7,22,3,0,0,100,0,0,107.5455556,0.043795833,157.23375,0.088575,0,0,,15.625,3.404255319
223,,CML277,14,rep2,G.a,sandcornmeal,G.aphanidermatum,na,BM2,78.1,62.7,5,3,0,0,100,0,0,103.8306944,0.044626389,0,0,0,0,,100,1.300813008
232,,CML277,14,rep2,G.a,sandcornmeal,G.aphanidermatum,na,BM2,78.1,62.7,6,3,0,0,100,0,0,103.8306944,0.044626389,0,0,0,0,,100,1.300813008
262,,CML277,14,rep2,G.i,sandcornmeal,G.irregulare,na,BM2,78.1,62.7,14,3,0,0,100,0,0,108.5511111,0.043136111,45.095,0.0135,0,0,,81.25,1.300813008
182,,CML277,14,rep2,G.uu,sandcornmeal,G.ultimumvar.ultimum,na,BM2,78.1,62.7,21,3,0,0,100,0,0,107.5455556,0.043795833,0,0,0,0,,100,1.300813008
191,,CML277,14,rep2,G.uu,sandcornmeal,G.ultimumvar.ultimum,na,BM2,78.1,62.7,22,3,0,0,100,0,0,107.5455556,0.043795833,0,0,0,0,,100,1.300813008
218,,H100,14,rep2,G.a,sandcornmeal,G.aphanidermatum,na,BM2,78.1,62.7,5,3,0,0,100,0,0,103.8306944,0.044626389,80.99375,0.037625,0,0,,63.125,6.666666667
255,,H100,14,rep2,G.i,sandcornmeal,G.irregulare,na,BM2,78.1,62.7,13,3,0,0,100,0,0,108.5511111,0.043136111,95.42,0.044875,0,0,,56.875,6.666666667
219,,Ms71,14,rep2,G.a,sandcornmeal,G.aphanidermatum,na,BM2,78.1,62.7,5,3,0,0,100,0,0,103.8306944,0.044626389,95.17,0.0224,0,0,,65.625,2.025316456
228,,Ms71,14,rep2,G.a,sandcornmeal,G.aphanidermatum,na,BM2,78.1,62.7,6,3,0,0,100,0,0,103.8306944,0.044626389,95.17,0.0224,0,0,,65.625,2.025316456
260,,NC304,14,rep2,G.i,sandcornmeal,G.irregulare,na,BM2,78.1,62.7,13,3,0,0,100,0,0,108.5511111,0.043136111,90.57625,0.0262375,0,0,,56.25,8
269,,NC304,14,rep2,G.i,sandcornmeal,G.irregulare,na,BM2,78.1,62.7,14,3,0,0,100,0,0,108.5511111,0.043136111,90.57625,0.0262375,0,0,,56.25,8
224,,NC344,14,rep2,G.a,sandcornmeal,G.aphanidermatum,na,BM2,78.1,62.7,5,3,0,0,100,0,0,103.8306944,0.044626389,121.93875,0.0702375,0,0,,31.25,10.66666667
192,,NC344,14,rep2,G.uu,sandcornmeal,G.ultimumvar.ultimum,na,BM2,78.1,62.7,22,3,0,0,100,0,0,107.5455556,0.043795833,145.07125,0.0584875,0,0,,31.875,10.66666667
221,,Oh7B,14,rep2,G.a,sandcornmeal,G.aphanidermatum,na,BM2,78.1,62.7,5,3,0,0,100,0,0,103.8306944,0.044626389,0,0,0,0,,100,2.388059701
230,,Oh7B,14,rep2,G.a,sandcornmeal,G.aphanidermatum,na,BM2,78.1,62.7,6,3,0,0,100,0,0,103.8306944,0.044626389,0,0,0,0,,100,2.388059701
267,,Oh7B,14,rep2,G.i,sandcornmeal,G.irregulare,na,BM2,78.1,62.7,14,3,1,0,100,0,0,108.5511111,0.043136111,84.695,0.0098625,0,0,,81.875,2.388059701
197,,Oh7B,14,rep2,G.uu,sandcornmeal,G.ultimumvar.ultimum,na,BM2,78.1,62.7,22,3,0,0,100,0,0,107.5455556,0.043795833,36.475,0.005875,0,0,,93.125,2.388059701
251,,CML103,14,rep2,G.a,sandcornmeal,G.aphanidermatum,na,BM2,78.1,62.7,8,4,1,0,75,225.43,0.0304,103.8306944,0.044626389,149.405,0.0638,1.475013495,0.336236693,,26.875,2.553191489
206,,NC304,14,rep2,G.uu,sandcornmeal,G.ultimumvar.ultimum,na,BM2,78.1,62.7,23,4,1,0,10,173.1,0.06,107.5455556,0.043795833,144.05125,0.053625,1.204341474,0.738347946,,28.75,0.8
242,,CML103,14,rep2,G.a,sandcornmeal,G.aphanidermatum,na,BM2,78.1,62.7,7,4,1,0,10,173.23,0.054,103.8306944,0.044626389,149.405,0.0638,1.133463105,0.597262547,,26.875,0.340425532
237,,CML333,14,rep2,G.a,sandcornmeal,G.aphanidermatum,na,BM2,78.1,62.7,7,4,1,0,20,190.39,0.063,103.8306944,0.044626389,167.62875,0.0639375,1.133113622,0.823125919,,18.75,1.066666667
208,,NC344,14,rep2,G.uu,sandcornmeal,G.ultimumvar.ultimum,na,BM2,78.1,62.7,24,4,1,0,15,184.97,0.054,107.5455556,0.043795833,145.07125,0.0584875,1.124446234,0.535980149,,31.875,1.6
246,,CML333,14,rep2,G.a,sandcornmeal,G.aphanidermatum,na,BM2,78.1,62.7,8,4,1,0,5,186.46,0.059,103.8306944,0.044626389,167.62875,0.0639375,1.109724072,0.770863956,,18.75,0.266666667
240,,NC344,14,rep2,G.a,sandcornmeal,G.aphanidermatum,na,BM2,78.1,62.7,7,4,1,0,0,180.43,0.1175,103.8306944,0.044626389,121.93875,0.0702375,1.09684724,1.166253102,,31.25,0
205,,CML103,14,rep2,G.uu,sandcornmeal,G.ultimumvar.ultimum,na,BM2,78.1,62.7,23,4,1,0,5,164.01,0.123,107.5455556,0.043795833,157.23375,0.088575,1.073135622,1.360431356,,15.625,0.170212766
216,,Oh7B,14,rep2,G.uu,sandcornmeal,G.ultimumvar.ultimum,na,BM2,78.1,62.7,24,4,1,0,65,148.58,0.023,107.5455556,0.043795833,36.475,0.005875,1.055911877,0.601110748,,93.125,1.552238806
238,,Ms71,14,rep2,G.a,sandcornmeal,G.aphanidermatum,na,BM2,78.1,62.7,7,4,1,1,50,133.83,0.0147,103.8306944,0.044626389,95.17,0.0224,1.045771552,0.288447388,,65.625,1.012658228
200,,CML333,14,rep2,G.uu,sandcornmeal,G.ultimumvar.ultimum,na,BM2,78.1,62.7,23,4,1,0,10,175.35,0.042,107.5455556,0.043795833,156.1375,0.0743125,1.043602467,0.548750612,,14.375,0.533333333
273,,Oh7B,14,rep2,G.i,sandcornmeal,G.irregulare,na,BM2,78.1,62.7,15,4,1,0,70,146.11,0.023,108.5511111,0.043136111,84.695,0.0098625,1.038358355,0.601110748,,81.875,1.671641791
243,,NC304,14,rep2,G.a,sandcornmeal,G.aphanidermatum,na,BM2,78.1,62.7,7,4,1,0,35,140.25,0.049,103.8306944,0.044626389,142.23625,0.0568125,0.975787936,0.602984156,,25.625,2.8
210,,H100,14,rep2,G.uu,sandcornmeal,G.ultimumvar.ultimum,na,BM2,78.1,62.7,24,4,1,0,50,146.98,0.039,107.5455556,0.043795833,129.17125,0.05465,0.946182567,0.4265625,,43.625,3.333333333
276,,CML103,14,rep2,G.i,sandcornmeal,G.irregulare,na,BM2,78.1,62.7,15,4,1,0,15,140.88,0.049,108.5511111,0.043136111,105.19125,0.0473625,0.921793467,0.541960459,,45,0.510638298
275,,B73,14,rep2,G.i,sandcornmeal,G.irregulare,na,BM2,78.1,62.7,15,4,1,0,10,151.04,0.0438,108.5511111,0.043136111,108.39875,0.0291375,0.917764832,0.488362369,,41.25,1.777777778
277,,CML333,14,rep2,G.i,sandcornmeal,G.irregulare,na,BM2,78.1,62.7,15,4,1,0,55,146.4,0.036,108.5511111,0.043136111,157.2,0.044225,0.871305396,0.470357668,,46.875,2.933333333
215,,NC304,14,rep2,G.uu,sandcornmeal,G.ultimumvar.ultimum,na,BM2,78.1,62.7,24,4,1,0,60,119.43,0.028,107.5455556,0.043795833,144.05125,0.053625,0.830932999,0.344562375,,28.75,4.8
214,,CML103,14,rep2,G.uu,sandcornmeal,G.ultimumvar.ultimum,na,BM2,78.1,62.7,24,4,1,0,10,116.63,0.037,107.5455556,0.043795833,157.23375,0.088575,0.763123027,0.409235449,,15.625,0.340425532
272,,NC344,14,rep2,G.i,sandcornmeal,G.irregulare,na,BM2,78.1,62.7,15,4,1,0,85,123.3,0.0262,108.5511111,0.043136111,130.4675,0.0570625,0.749549769,0.260049628,,43.125,9.066666667
274,,NC304,14,rep2,G.i,sandcornmeal,G.irregulare,na,BM2,78.1,62.7,15,4,1,0,90,97.23,0.0154,108.5511111,0.043136111,90.57625,0.0262375,0.676476727,0.189509306,,56.25,7.2
286,,CML333,14,rep2,G.i,sandcornmeal,G.irregulare,na,BM2,78.1,62.7,16,4,1,0,80,84,0.0181,108.5511111,0.043136111,157.2,0.044225,0.499929325,0.236485383,,46.875,4.266666667
281,,NC344,14,rep2,G.i,sandcornmeal,G.irregulare,na,BM2,78.1,62.7,16,4,1,0,80,48.87,0.016,108.5511111,0.043136111,130.4675,0.0570625,0.297084324,0.158808933,,43.125,8.533333333
283,,NC304,14,rep2,G.i,sandcornmeal,G.irregulare,na,BM2,78.1,62.7,16,4,1,0,90,39.26,0.014,108.5511111,0.043136111,90.57625,0.0262375,0.273151047,0.172281188,,56.25,7.2
285,,CML103,14,rep2,G.i,sandcornmeal,G.irregulare,na,BM2,78.1,62.7,16,4,1,0,80,41.65,0.013,108.5511111,0.043136111,105.19125,0.0473625,0.27252057,0.143785428,,45,2.723404255
248,,B73,14,rep2,G.a,sandcornmeal,G.aphanidermatum,na,BM2,78.1,62.7,8,4,1,0,99,32.1,0.0055,103.8306944,0.044626389,61.96625,0.0423125,0.195049332,0.061324042,,63,17.6
287,,H100,14,rep2,G.i,sandcornmeal,G.irregulare,na,BM2,78.1,62.7,16,4,1,0,95,29.26,0.008,108.5511111,0.043136111,95.42,0.044875,0.188361015,0.0875,,56.875,6.333333333
284,,B73,14,rep2,G.i,sandcornmeal,G.irregulare,na,BM2,78.1,62.7,16,4,1,0,90,12,0.0001,108.5511111,0.043136111,108.39875,0.0291375,0.072915638,0.001114983,,41.25,16
280,,Ms71,14,rep2,G.i,sandcornmeal,G.irregulare,na,BM2,78.1,62.7,16,4,1,0,95,7.98,0.004,108.5511111,0.043136111,61.38375,0.01515,0.062357147,0.078489085,,78.75,1.924050633
239,,B73,14,rep2,G.a,sandcornmeal,G.aphanidermatum,na,BM2,78.1,62.7,7,4,0,0,100,0,0,103.8306944,0.044626389,61.96625,0.0423125,0,0,,63,17.77777778
202,,B73,14,rep2,G.uu,sandcornmeal,G.ultimumvar.ultimum,na,BM2,78.1,62.7,23,4,0,0,100,0,0,107.5455556,0.043795833,115.365,0.05345,0,0,,38.125,17.77777778
211,,B73,14,rep2,G.uu,sandcornmeal,G.ultimumvar.ultimum,na,BM2,78.1,62.7,24,4,0,0,100,0,0,107.5455556,0.043795833,115.365,0.05345,0,0,,38.125,17.77777778
241,,CML277,14,rep2,G.a,sandcornmeal,G.aphanidermatum,na,BM2,78.1,62.7,7,4,0,0,100,0,0,103.8306944,0.044626389,0,0,0,0,,100,1.300813008
250,,CML277,14,rep2,G.a,sandcornmeal,G.aphanidermatum,na,BM2,78.1,62.7,8,4,0,0,100,0,0,103.8306944,0.044626389,0,0,0,0,,100,1.300813008
279,,CML277,14,rep2,G.i,sandcornmeal,G.irregulare,na,BM2,78.1,62.7,15,4,0,0,100,0,0,108.5511111,0.043136111,45.095,0.0135,0,0,,81.25,1.300813008
288,,CML277,14,rep2,G.i,sandcornmeal,G.irregulare,na,BM2,78.1,62.7,16,4,0,0,100,0,0,108.5511111,0.043136111,45.095,0.0135,0,0,,81.25,1.300813008
204,,CML277,14,rep2,G.uu,sandcornmeal,G.ultimumvar.ultimum,na,BM2,78.1,62.7,23,4,0,0,100,0,0,107.5455556,0.043795833,0,0,0,0,,100,1.300813008
213,,CML277,14,rep2,G.uu,sandcornmeal,G.ultimumvar.ultimum,na,BM2,78.1,62.7,24,4,0,0,100,0,0,107.5455556,0.043795833,0,0,0,0,,100,1.300813008
209,,CML333,14,rep2,G.uu,sandcornmeal,G.ultimumvar.ultimum,na,BM2,78.1,62.7,24,4,0,0,100,0,0,107.5455556,0.043795833,156.1375,0.0743125,0,0,,14.375,5.333333333
235,,H100,14,rep2,G.a,sandcornmeal,G.aphanidermatum,na,BM2,78.1,62.7,7,4,0,0,100,0,0,103.8306944,0.044626389,80.99375,0.037625,0,0,,63.125,6.666666667
244,,H100,14,rep2,G.a,sandcornmeal,G.aphanidermatum,na,BM2,78.1,62.7,8,4,0,0,100,0,0,103.8306944,0.044626389,80.99375,0.037625,0,0,,63.125,6.666666667
278,,H100,14,rep2,G.i,sandcornmeal,G.irregulare,na,BM2,78.1,62.7,15,4,0,0,100,0,0,108.5511111,0.043136111,95.42,0.044875,0,0,,56.875,6.666666667
201,,H100,14,rep2,G.uu,sandcornmeal,G.ultimumvar.ultimum,na,BM2,78.1,62.7,23,4,0,0,100,0,0,107.5455556,0.043795833,129.17125,0.05465,0,0,,43.625,6.666666667
247,,Ms71,14,rep2,G.a,sandcornmeal,G.aphanidermatum,na,BM2,78.1,62.7,8,4,0,0,100,0,0,103.8306944,0.044626389,95.17,0.0224,0,0,,65.625,2.025316456
271,,Ms71,14,rep2,G.i,sandcornmeal,G.irregulare,na,BM2,78.1,62.7,15,4,0,0,100,0,0,108.5511111,0.043136111,61.38375,0.01515,0,0,,78.75,2.025316456
203,,Ms71,14,rep2,G.uu,sandcornmeal,G.ultimumvar.ultimum,na,BM2,78.1,62.7,23,4,0,0,100,0,0,107.5455556,0.043795833,91.3,0.035875,0,0,,57.5,2.025316456
212,,Ms71,14,rep2,G.uu,sandcornmeal,G.ultimumvar.ultimum,na,BM2,78.1,62.7,24,4,0,0,100,0,0,107.5455556,0.043795833,91.3,0.035875,0,0,,57.5,2.025316456
252,,NC304,14,rep2,G.a,sandcornmeal,G.aphanidermatum,na,BM2,78.1,62.7,8,4,0,0,100,0,0,103.8306944,0.044626389,142.23625,0.0568125,0,0,,25.625,8
249,,NC344,14,rep2,G.a,sandcornmeal,G.aphanidermatum,na,BM2,78.1,62.7,8,4,0,0,100,0,0,103.8306944,0.044626389,121.93875,0.0702375,0,0,,31.25,10.66666667
199,,NC344,14,rep2,G.uu,sandcornmeal,G.ultimumvar.ultimum,na,BM2,78.1,62.7,23,4,0,0,100,0,0,107.5455556,0.043795833,145.07125,0.0584875,0,0,,31.875,10.66666667
236,,Oh7B,14,rep2,G.a,sandcornmeal,G.aphanidermatum,na,BM2,78.1,62.7,7,4,0,0,100,0,0,103.8306944,0.044626389,0,0,0,0,,100,2.388059701
245,,Oh7B,14,rep2,G.a,sandcornmeal,G.aphanidermatum,na,BM2,78.1,62.7,8,4,0,0,100,0,0,103.8306944,0.044626389,0,0,0,0,,100,2.388059701
282,,Oh7B,14,rep2,G.i,sandcornmeal,G.irregulare,na,BM2,78.1,62.7,16,4,0,0,100,0,0,108.5511111,0.043136111,84.695,0.0098625,0,0,,81.875,2.388059701
207,,Oh7B,14,rep2,G.uu,sandcornmeal,G.ultimumvar.ultimum,na,BM2,78.1,62.7,23,4,0,0,100,0,0,107.5455556,0.043795833,36.475,0.005875,0,0,,93.125,2.388059701
